ms_file,ms_file_label,peak_label,mz_mean,mz_width,rt,rt_min,rt_max,rt_unit,intensity_threshold,target_filename,peak_area,peak_area_top3,peak_n_datapoints,peak_max,peak_rt_of_max,peak_min,peak_median,peak_mean,peak_delta_int,peak_shape_rt,peak_shape_int,peak_mass_diff_25pc,peak_mass_diff_50pc,peak_mass_diff_75pc,peak_score,total_intensity,ms_file_size_MB
test/Sample_1,Sample_1,D-Glucose 6-Phosphate,259.022,10,527.16,497.16,557.16,s,1000,targets.csv,1.17E+06,133167,16,139496,492.2420044,23737,59586,73040.5625,21896,"492.24,492.76,493.28,493.8,494.32,494.84,495.36,495.87,496.39,496.91,497.43,497.95,498.47,499.51,501.58,520.26",3.35956E+84,5.949304583,6.444167864,6.85170233,0,5.18037E+11,10.76921272
test/Sample_2,Sample_2,D-Glucose 6-Phosphate,259.022,10,527.16,497.16,557.16,s,1000,targets.csv,1.92E+05,18759,10,30824,494.3070068,8480,19032,19227.9,19163,"492.23,492.75,493.27,493.79,494.31,494.83,495.35,496.38,497.94,519.21",8.4801E+48,6.560606283,6.793483121,7.113688773,0,2.30506E+11,12.7777195
test/Sample_3,Sample_3,D-Glucose 6-Phosphate,259.022,10,527.16,497.16,557.16,s,1000,targets.csv,2.90E+04,7975,3,12380,498.4580078,5070,11546,9665.333333,7310,"498.46,519.21,519.73",5.07012E+13,-7.004469536,-5.548989298,1.670192683,0,1.49493E+11,15.05696297
test/Sample_4,Std_1,D-Glucose 6-Phosphate,259.022,10,527.16,497.16,557.16,s,1000,targets.csv,5.27E+08,43520422,84,48047580,508.7319946,6906,529549,6277392.393,159104,"508.73,514.44,514.96,515.48,515.99,516.51,517.03,517.55,518.07,518.59,519.11,519.63,520.15,520.66,521.18,521.7,522.22,522.74,523.26,523.78,524.29,524.81,525.33,525.85,526.37,526.89,527.41,527.93,528.45,528.96,529.48,530.0,530.52,531.04,531.56,532.08,532.6,533.11,533.63,534.15,534.67,535.19,535.71,536.23,536.75,537.27,537.78,538.3,538.82,539.34,539.86,540.38,540.9,541.41,541.93,542.45,542.97,543.49,544.01,544.53,545.05,545.57,546.08,546.6,547.12,547.64,548.16,548.68,549.2,549.72,550.23,550.75,551.27,551.79,552.31,552.83,553.35,553.86,554.38,554.9,555.42,555.94,556.46,556.98","6906,10524,35518,98113,120203,169968,150638,129518,159820,179972,130053,148916,590408,3133747,9983347,16455340,17672830,22654330,24198888,33746416,35587468,45553784,48047580,36959904,36528024,25886314,24930144,20371918,16597185,14096720,12421359,10870576,8100874,6807617,6698686,5269632,4780055,4647837,3457344,3269708,3137032,2222681,2115595,1713921,1494035,1418382,1108837,1167613,929372,856476,723543,762796,587544,545966,509406,513132,478733,458298,391972,374893,362380,331256,320593,292294,294181,309544,300794,222060,184550,228365,221507,189334,193444,212234,159171,153055,185906,152125,143705,128782,130824,122709,127727,166010",1.072619435,1.190437914,1.190437914,0,4.2882E+11,9.653215408
test/Sample_5,Std_2,D-Glucose 6-Phosphate,259.022,10,527.16,497.16,557.16,s,1000,targets.csv,1.18E+08,9505452,81,10610204,556.4559937,9509,131722,1452075.617,23047,"515.47,515.99,516.51,517.03,517.55,518.07,518.59,519.1,519.62,520.14,520.66,521.18,521.7,522.22,522.74,523.26,523.77,524.29,524.81,525.33,525.85,526.37,526.89,527.41,527.92,528.44,528.96,529.48,530.0,530.52,531.04,531.55,532.07,532.59,533.11,533.63,534.15,534.67,535.19,535.71,536.22,536.74,537.26,537.78,538.3,538.82,539.34,539.86,540.38,540.89,541.41,541.93,542.45,542.97,543.49,544.01,544.53,545.04,545.56,546.08,546.6,547.12,547.64,548.16,548.67,549.19,549.71,550.23,550.75,551.27,551.79,552.31,552.83,553.34,553.86,554.38,554.9,555.42,555.94,556.46,556.97","9509,16679,37770,43749,27905,34823,34587,12127,30399,44029,284734,1038288,2427069,3484658,4695545,5662196,6488223,8258382,8619758,10610204,9286395,7901306,7650498,6880684,5208030,4454613,3659946,2837530,2205978,2074571,1792274,1358043,987494,948966,905603,749986,636750,572512,498429,462597,421270,337666,383908,273729,298537,250037,196658,193306,139980,131722,123056,125608,135294,93099,87995,98227,95114,93102,62727,81003,77446,80796,44585,64112,58542,62622,61251,58796,49569,66161,42123,40454,38957,49358,42553,40049,44380,36989,41988,29961,32556",1.308256393,1.426074873,1.543893352,0,2.08538E+11,10.40876198
test/Sample_6,Std_3,D-Glucose 6-Phosphate,259.022,10,527.16,497.16,557.16,s,1000,targets.csv,3.27E+07,2614575,80,2773577,536.2260132,5570,42774,408227.0125,7348,"516.51,517.03,517.55,518.07,518.59,519.11,519.63,520.15,520.66,521.18,521.7,522.22,522.74,523.26,523.78,524.29,524.81,525.33,525.85,526.37,526.89,527.41,527.93,528.45,528.96,529.48,530.0,530.52,531.04,531.56,532.08,532.59,533.11,533.63,534.15,534.67,535.19,535.71,536.23,536.74,537.26,537.78,538.3,538.82,539.34,539.86,540.38,540.9,541.41,541.93,542.45,542.97,543.49,544.01,544.53,545.05,545.56,546.08,546.6,547.12,547.64,548.16,548.68,549.2,549.71,550.23,550.75,551.27,551.79,552.31,552.83,553.35,553.86,554.38,554.9,555.42,555.94,556.46,556.98","6534,12666,9406,9695,10677,5570,9657,6656,33090,164830,504680,945113,1238720,1274060,1752382,1992175,2579581,2773577,2490567,2337789,2439195,1934085,1404393,1242919,1216524,863274,701088,592736,549123,421227,359911,282052,210328,279802,212009,133210,125951,100590,101782,103771,73250,98285,65867,66990,53708,58261,48391,41927,47407,41769,42537,43011,24408,31631,28558,34473,22628,28673,30165,21662,15577,26093,20469,21316,22661,12967,13454,11744,19263,10456,16918,22802,17134,15147,12485,9734,14391,19874,13882",1.190437914,1.308256393,1.543893352,0,1.44124E+11,10.79720497
test/Sample_7,Std_4,D-Glucose 6-Phosphate,259.022,10,527.16,497.16,557.16,s,1000,targets.csv,6.92E+06,542271,60,596529,541.414978,3300,27024.5,115311.5667,949,"520.15,521.18,521.7,522.22,522.74,523.26,523.78,524.29,524.81,525.33,525.85,526.37,526.89,527.41,527.93,528.45,528.96,529.48,530.0,530.52,531.04,531.56,532.08,532.6,533.11,533.63,534.15,534.67,535.19,535.71,536.23,536.75,537.27,537.78,538.3,538.82,539.34,539.86,540.38,540.9,541.41,541.93,542.45,542.97,543.49,544.01,544.53,545.05,545.57,546.08,546.6,547.12,547.64,548.16,549.72,550.23,552.31,553.35,553.86,556.98","5535,17897,67281,132615,197740,263563,340106,362199,456588,517525,562952,596529,467332,423141,402339,342396,260904,172151,168682,146879,83861,108989,86405,75797,75214,52050,50822,48431,52076,37755,30515,30719,21226,23534,16199,13555,20350,18855,21943,14957,4546,5993,14813,13539,6545,6052,6112,8912,3300,8096,4832,10037,4776,4979,5282,5996,4382,4676,3633,4586",1.190437914,1.367165633,1.543893352,0,1.18315E+11,10.86196327
test/Sample_8,Std_5,D-Glucose 6-Phosphate,259.022,10,527.16,497.16,557.16,s,1000,targets.csv,1.69E+06,129015,43,143329,552.3070068,3980,21464,39398.7907,10616,"521.7,522.22,522.74,523.26,523.77,524.29,524.81,525.33,525.85,526.37,526.89,527.41,527.92,528.44,528.96,529.48,530.0,530.52,531.04,531.56,532.08,532.59,533.11,533.63,534.15,534.67,535.19,535.71,536.74,537.26,537.78,538.82,539.34,540.38,540.89,541.41,541.93,542.45,544.01,549.19,550.23,552.31,554.38",1.4892E+204,1.190437914,1.426074873,1.661711831,0,1.12192E+11,10.88867378
test/Sample_9,Std_6,D-Glucose 6-Phosphate,259.022,10,527.16,497.16,557.16,s,1000,targets.csv,4.74E+05,38621,27,50536,531.5579834,3182,14159,17566.7037,577,"521.7,522.22,522.74,523.26,523.78,524.29,524.81,525.33,525.85,526.37,526.89,527.41,527.93,528.45,528.96,529.48,530.0,530.52,531.04,531.56,532.08,532.6,533.11,534.67,537.26,537.78,541.41",3.7596E+125,0.836982476,0.954800956,1.308256393,0,1.10613E+11,10.85653114
test/Sample_10,Std_7,D-Glucose 6-Phosphate,259.022,10,527.16,497.16,557.16,s,1000,targets.csv,1.79E+05,15571,17,20641,530.0009766,5324,10690,10504.58824,615,"522.74,523.26,523.78,524.29,524.81,525.33,525.85,526.37,526.89,527.41,527.93,528.45,528.96,529.48,530.0,530.52,531.04",6.67979E+76,1.308256393,1.543893352,1.897348789,0,1.09563E+11,10.93778419
test/Sample_11,Std_8,D-Glucose 6-Phosphate,259.022,10,527.16,497.16,557.16,s,1000,targets.csv,4.46E+04,6884,7,9359,528.4450073,4344,5680,6373.857143,1643,"522.22,524.29,524.81,525.85,526.37,528.45,531.56",5.98794E+27,1.013710195,1.308256393,1.602802591,0,1.09381E+11,10.95144081
test/Sample_12,Sample_1,Fumarate,115.004,10,253.8,223.8,283.8,s,1000,targets.csv,8.12E+08,4.08E+07,101,4.51E+07,273.2109985,6197,435166,1333780.121,240290,"226.0,233.27,233.79,234.3,234.82,235.34,235.86,236.38,236.9,237.42,237.93,238.45,238.97,239.49,240.01,240.53,241.05,241.57,242.09,242.6,243.12,243.64,244.16,244.68,245.2,245.72,246.24,246.75,247.27,247.79,248.31,248.83,249.35,249.87,250.38,250.9,251.42,251.94,252.46,252.98,253.5,254.02,254.54,255.05,255.57,256.09,256.61,257.13,257.65,258.17,258.69,259.2,259.72,260.24,260.76,261.28,261.8,262.32,262.84,263.36,263.87,264.39,264.91,265.43,265.95,266.47,266.99,267.51,268.02,268.54,269.06,269.58,270.1,270.62,271.14,271.65,272.17,272.69,273.21,273.73,274.25,274.77,275.29,275.8,276.32,276.84,277.36,277.88,278.4,278.92,279.44,279.95,280.47,280.99,281.51,282.03,282.55,283.07,283.59","6752,6197,29873,74115,219105,679543,1235058,2379402,3483621,4236035,4886378,5872100,7147722,7050269,6762424,6676210,5742819,5739028,4983077,4737436,4440648,4640713,3645361,2958462,3557453,2732217,2702943,2598034,2376280,1933197,1996749,1779066,1658419,1801543,1611593,1503509,1239675,1220099,1317587,1139459,1078253,1065011,981287,921626,910835,854926,722337,794276,808089,653440,638267,610226,589259,544718,559332,558102,486515,435166,452552,349954,412863,337732,318338,337701,291886,294977,276538,297732,282511,245224,271097,262342,333867,234939,208766,212405,211102,195994,250524,241701,205161,217379,236191,239923,201300,220820,207418,239841,232925,237231,180342,210070,221406,220455,218912,258149,251260,242223,247042",-3.137097915,-3.004417408,-2.938077154,0,1.18315E+11,10.86196327
test/Sample_13,Sample_2,Fumarate,115.004,10,253.8,223.8,283.8,s,1000,targets.csv,2.81E+08,1.30E+07,107,1.43E+07,228.076004,6693,120696,401806.6214,114003,"228.08,233.78,234.3,234.82,235.34,235.86,236.38,236.9,237.41,237.93,238.45,238.97,239.49,240.01,240.53,241.04,241.56,242.08,242.6,243.12,243.64,244.16,244.68,245.2,245.71,246.23,246.75,247.27,247.79,248.31,248.83,249.35,249.86,250.38,250.9,251.42,251.94,252.46,252.98,253.5,254.01,254.53,255.05,255.57,256.09,256.61,257.13,257.65,258.17,258.68,259.2,259.72,260.24,260.76,261.28,261.8,262.32,262.83,263.35,263.87,264.39,264.91,265.43,265.95,266.46,266.98,267.5,268.02,268.54,269.06,269.58,270.1,270.61,271.13,271.65,272.17,272.69,273.21,273.73,274.25,274.77,275.28,275.8,276.32,276.84,277.36,277.88,278.4,278.92,279.43,279.95,280.47,280.99,281.51,282.03,282.55,283.07,283.58","6693,13337,12859,35208,98499,258274,423764,719838,1016935,1298809,1802757,1865157,1971700,1828417,1895755,1891400,1662610,1626825,1570612,1579887,1116461,1044510,1184607,940498,1038979,815585,845101,691122,624681,551732,604413,541029,534968,410447,414585,322301,379056,299074,272936,248561,281666,320810,233277,182674,235279,178510,234175,190622,198554,168964,123758,173769,131924,107557,105926,154325,110845,151407,102708,78258,103152,105242,92170,87783,95879,87896,76356,90981,64049,83204,73999,81718,75340,65914,81124,66781,84799,72864,95614,62858,85191,71125,73530,109858,102841,125875,78198,99615,94700,109248,90198,109757,83682,85862,91239,118641,106323,120696",-3.336118676,-3.203438168,-3.070757661,0,1.12192E+11,10.88867378
test/Sample_14,Sample_3,Fumarate,115.004,10,253.8,223.8,283.8,s,1000,targets.csv,7.14E+07,3.35E+06,98,3.57E+06,264.3919983,5068,61652,122013.6535,76486,"233.27,233.79,234.3,234.82,235.34,235.86,236.38,236.9,237.42,237.93,238.45,238.97,239.49,240.01,240.53,241.05,241.57,242.09,242.6,243.12,243.64,244.16,244.68,245.2,245.72,246.24,246.75,247.27,247.79,248.31,248.83,249.35,249.87,250.38,250.9,251.42,251.94,252.46,252.98,253.5,254.02,254.54,255.05,255.57,256.09,256.61,257.13,257.65,258.17,258.69,259.2,259.72,260.24,260.76,261.28,261.8,262.32,262.84,263.36,263.87,264.39,264.91,265.43,265.95,266.47,266.99,267.51,268.02,268.54,269.06,269.58,270.1,270.62,271.14,271.65,272.17,272.69,273.21,273.73,274.25,274.77,275.29,275.8,276.32,276.84,277.36,277.88,278.4,278.92,279.44,279.95,280.47,280.99,281.51,282.03,282.55,283.07,283.59","7774,5996,11547,25947,17409,61030,162636,269016,314847,395413,522195,565605,633359,604934,524461,427365,484699,429329,384756,416167,318510,290182,205199,218158,269394,210196,171462,189206,164262,144834,121237,111944,126122,82553,117939,77737,85715,63860,61652,72251,68831,66415,62934,62875,53799,42898,54867,66536,50951,48530,49892,35795,42702,43457,40896,36426,41308,37045,35040,26986,36603,40288,38421,26218,29564,19595,33838,21653,29465,20531,44865,26336,46953,40661,43917,32234,46078,53726,46974,49143,53362,56940,67387,55880,78723,99066,64964,76647,62986,33665,69428,59557,69015,69005,59148,79109,100504,84260",-3.137097915,-2.938077154,-2.805396647,0,1.10613E+11,10.85653114
test/Sample_15,Std_1,Fumarate,115.004,10,253.8,223.8,283.8,s,1000,targets.csv,5513112570,2.71E+08,118,308645984,229.1159973,31758,4710196.5,46721292.97,4453825,"228.08,228.6,229.12,229.63,230.15,230.67,231.19,231.71,232.23,232.75,233.27,233.79,234.3,234.82,235.34,235.86,236.38,236.9,237.42,237.93,238.45,238.97,239.49,240.01,240.53,241.05,241.57,242.09,242.6,243.12,243.64,244.16,244.68,245.2,245.72,246.24,246.75,247.27,247.79,248.31,248.83,249.35,249.87,250.38,250.9,251.42,251.94,252.46,252.98,253.5,254.02,254.54,255.05,255.57,256.09,256.61,257.13,257.65,258.17,258.69,259.2,259.72,260.24,260.76,261.28,261.8,262.32,262.84,263.36,263.87,264.39,264.91,265.43,265.95,266.47,266.99,267.51,268.02,268.54,269.06,269.58,270.1,270.62,271.14,271.65,272.17,272.69,273.21,273.73,274.25,274.77,275.29,275.8,276.32,276.84,277.36,277.88,278.4,278.92,279.44,279.95,280.47,280.99,281.51,282.03,282.55,283.07,283.59","31758,61667,3772753,29032496,103848800,158765024,212468896,256391472,268149456,260756880,308645984,244866384,246679776,250893856,246036384,235530128,232003072,194546048,164679904,149202208,173259888,120354008,127727296,113711272,108559704,103493712,81239784,74742976,66719360,62243624,67219936,55870864,58455764,52175752,50244380,41159284,40655028,41077460,35220156,31959026,29355428,28718810,29592360,27040996,22519032,24243938,20538066,18708108,10204116,8272781,5446196,4715466,3550965,3486330,3573794,2574456,2911833,2641482,2334503,2639938,2242755,2511428,3205368,2313862,2684954,2870890,1920494,2348429,1975887,2477778,2100974,2072625,2266667,2456312,2816464,2456370,2699503,2216987,2488262,2626549,2529177,2650768,2851519,3082030,2770948,2599157,2567195,2911608,2829580,3180889,4242236,4704927,6999924,8130045,8734969,9059761,9577626,9718873,6784731,6159556,5200941,4897993,4679385,4695297,3723831,3875538,4194647,4485583",-2.938077154,-2.805396647,-2.739056393,0,4.2882E+11,9.653215408
test/Sample_16,Std_2,Fumarate,115.004,10,253.8,223.8,283.8,s,1000,targets.csv,1623511721,8.16E+07,102,90165472,232.7449951,22880,3286194,15916781.58,1786134,"231.71,232.23,232.74,233.26,233.78,234.3,234.82,235.34,235.86,236.38,236.9,237.41,237.93,238.45,238.97,239.49,240.01,240.53,241.04,241.56,242.08,242.6,243.12,243.64,244.16,244.68,245.2,245.71,246.23,246.75,247.27,247.79,248.31,248.83,249.35,249.86,250.38,250.9,251.42,251.94,252.46,252.98,253.49,254.01,254.53,255.05,255.57,256.09,256.61,257.13,257.65,258.16,258.68,259.2,259.72,260.24,260.76,261.28,261.8,262.32,262.83,263.35,263.87,264.39,264.91,265.43,265.95,266.46,266.98,267.5,268.02,268.54,269.06,269.58,270.1,270.61,271.13,271.65,272.17,272.69,273.21,273.73,274.25,274.77,275.28,275.8,276.32,276.84,277.36,277.88,278.4,278.92,279.43,279.95,280.47,280.99,281.51,282.03,282.55,283.07,283.58","22880,149623,990480,4916027,14905463,28383960,53491916,70110280,65785444,79467656,80072128,90165472,74441080,72641808,66372496,65958644,53032788,53402524,44996784,46231592,47493796,38090076,37808016,32399120,30939320,29532028,24976394,25289246,24011356,19651040,19284376,19108396,17578048,17288398,15768164,14366082,14488707,12603119,12044611,12045709,11339252,9736326,10031294,9294034,8687257,8780343,7424616,7190474,6347627,5533432,4464156,4321023,3612785,3443227,3129161,2686494,2629722,2315425,2199614,2156866,1958043,2309638,2529889,2403681,1859247,1911559,2172422,1850423,1965962,1984040,1797721,1792356,1728753,2077231,1838515,2092163,1902935,1951455,1641918,1641211,1900234,1818690,1923971,1645112,1815548,1717721,1796143,1788966,2064122,1984554,1839691,1703715,2034614,1903615,1717371,1700366,1741697,1867345,1741191,1872613,1809014",-3.203438168,-3.070757661,-3.004417408,0,2.08538E+11,10.40876198
test/Sample_17,Std_3,Fumarate,115.004,10,253.8,223.8,283.8,s,1000,targets.csv,561261063,2.60E+07,103,28618738,233.2649994,17863,1625342,5449136.534,773097,"232.23,232.75,233.26,233.78,234.3,234.82,235.34,235.86,236.38,236.9,237.41,237.93,238.45,238.97,239.49,240.01,240.53,241.05,241.57,242.08,242.6,243.12,243.64,244.16,244.68,245.2,245.72,246.24,246.75,247.27,247.79,248.31,248.83,249.35,249.87,250.38,250.9,251.42,251.94,252.46,252.98,253.5,254.02,254.54,255.05,255.57,256.09,256.61,257.13,257.65,258.17,258.68,259.2,259.72,260.24,260.76,261.28,261.8,262.32,262.83,263.35,263.87,264.39,264.91,265.43,265.95,266.47,266.98,267.5,268.02,268.54,269.06,269.58,270.1,270.62,271.14,271.65,272.17,272.69,273.21,273.73,274.25,274.77,275.29,275.8,276.32,276.84,277.36,277.88,278.4,278.92,279.44,279.95,280.47,280.99,281.51,282.03,282.55,283.07,283.59","37360,182853,683172,2041969,4575949,8742532,15708518,17142956,20425128,27847522,23284368,26502872,28618738,22965764,23014746,22192314,18717562,18480986,17527830,16340730,13507648,13197802,12926696,12448458,10716757,9875755,9010864,8438013,8329520,7644750,7484943,6589525,6003520,5574450,5380761,5123529,5131046,5055801,4493886,4145921,4505670,4211261,3934399,3458287,3699596,3161200,3045807,2798782,2601042,2342326,2393228,1971287,1781422,1625342,1696427,1495115,1257956,1244303,1302310,1497275,1274760,1220877,1120487,1088503,1338427,1088713,899405,1199528,964996,1033274,1247173,1000127,846606,997364,912964,932635,895355,819375,912163,791043,677395,683154,750592,726835,686012,843810,743055,664922,765469,708188,659227,712996,729896,602056,690191,744482,689059,840078,707307,810457",-3.203438168,-3.070757661,-3.004417408,0,1.44124E+11,10.79720497
test/Sample_18,Std_4,Fumarate,115.004,10,253.8,223.8,283.8,s,1000,targets.csv,142714473,6.69E+06,107,7147722,273.2109985,6197,435166,1333780.121,240290,"226.0,233.27,233.79,234.3,234.82,235.34,235.86,236.38,236.9,237.42,237.93,238.45,238.97,239.49,240.01,240.53,241.05,241.57,242.09,242.6,243.12,243.64,244.16,244.68,245.2,245.72,246.24,246.75,247.27,247.79,248.31,248.83,249.35,249.87,250.38,250.9,251.42,251.94,252.46,252.98,253.5,254.02,254.54,255.05,255.57,256.09,256.61,257.13,257.65,258.17,258.69,259.2,259.72,260.24,260.76,261.28,261.8,262.32,262.84,263.36,263.87,264.39,264.91,265.43,265.95,266.47,266.99,267.51,268.02,268.54,269.06,269.58,270.1,270.62,271.14,271.65,272.17,272.69,273.21,273.73,274.25,274.77,275.29,275.8,276.32,276.84,277.36,277.88,278.4,278.92,279.44,279.95,280.47,280.99,281.51,282.03,282.55,283.07,283.59","6752,6197,29873,74115,219105,679543,1235058,2379402,3483621,4236035,4886378,5872100,7147722,7050269,6762424,6676210,5742819,5739028,4983077,4737436,4440648,4640713,3645361,2958462,3557453,2732217,2702943,2598034,2376280,1933197,1996749,1779066,1658419,1801543,1611593,1503509,1239675,1220099,1317587,1139459,1078253,1065011,981287,921626,910835,854926,722337,794276,808089,653440,638267,610226,589259,544718,559332,558102,486515,435166,452552,349954,412863,337732,318338,337701,291886,294977,276538,297732,282511,245224,271097,262342,333867,234939,208766,212405,211102,195994,250524,241701,205161,217379,236191,239923,201300,220820,207418,239841,232925,237231,180342,210070,221406,220455,218912,258149,251260,242223,247042",-3.137097915,-3.004417408,-2.938077154,0,1.18315E+11,10.86196327
test/Sample_19,Std_5,Fumarate,115.004,10,253.8,223.8,283.8,s,1000,targets.csv,41386082,1.89E+06,103,1971700,228.076004,6693,120696,401806.6214,114003,"228.08,233.78,234.3,234.82,235.34,235.86,236.38,236.9,237.41,237.93,238.45,238.97,239.49,240.01,240.53,241.04,241.56,242.08,242.6,243.12,243.64,244.16,244.68,245.2,245.71,246.23,246.75,247.27,247.79,248.31,248.83,249.35,249.86,250.38,250.9,251.42,251.94,252.46,252.98,253.5,254.01,254.53,255.05,255.57,256.09,256.61,257.13,257.65,258.17,258.68,259.2,259.72,260.24,260.76,261.28,261.8,262.32,262.83,263.35,263.87,264.39,264.91,265.43,265.95,266.46,266.98,267.5,268.02,268.54,269.06,269.58,270.1,270.61,271.13,271.65,272.17,272.69,273.21,273.73,274.25,274.77,275.28,275.8,276.32,276.84,277.36,277.88,278.4,278.92,279.43,279.95,280.47,280.99,281.51,282.03,282.55,283.07,283.58","6693,13337,12859,35208,98499,258274,423764,719838,1016935,1298809,1802757,1865157,1971700,1828417,1895755,1891400,1662610,1626825,1570612,1579887,1116461,1044510,1184607,940498,1038979,815585,845101,691122,624681,551732,604413,541029,534968,410447,414585,322301,379056,299074,272936,248561,281666,320810,233277,182674,235279,178510,234175,190622,198554,168964,123758,173769,131924,107557,105926,154325,110845,151407,102708,78258,103152,105242,92170,87783,95879,87896,76356,90981,64049,83204,73999,81718,75340,65914,81124,66781,84799,72864,95614,62858,85191,71125,73530,109858,102841,125875,78198,99615,94700,109248,90198,109757,83682,85862,91239,118641,106323,120696",-3.336118676,-3.203438168,-3.070757661,0,1.12192E+11,10.88867378
test/Sample_20,Std_6,Fumarate,115.004,10,253.8,223.8,283.8,s,1000,targets.csv,12323379,6.01E+05,101,633359,264.3919983,5068,61652,122013.6535,76486,"233.27,233.79,234.3,234.82,235.34,235.86,236.38,236.9,237.42,237.93,238.45,238.97,239.49,240.01,240.53,241.05,241.57,242.09,242.6,243.12,243.64,244.16,244.68,245.2,245.72,246.24,246.75,247.27,247.79,248.31,248.83,249.35,249.87,250.38,250.9,251.42,251.94,252.46,252.98,253.5,254.02,254.54,255.05,255.57,256.09,256.61,257.13,257.65,258.17,258.69,259.2,259.72,260.24,260.76,261.28,261.8,262.32,262.84,263.36,263.87,264.39,264.91,265.43,265.95,266.47,266.99,267.51,268.02,268.54,269.06,269.58,270.1,270.62,271.14,271.65,272.17,272.69,273.21,273.73,274.25,274.77,275.29,275.8,276.32,276.84,277.36,277.88,278.4,278.92,279.44,279.95,280.47,280.99,281.51,282.03,282.55,283.07,283.59","7774,5996,11547,25947,17409,61030,162636,269016,314847,395413,522195,565605,633359,604934,524461,427365,484699,429329,384756,416167,318510,290182,205199,218158,269394,210196,171462,189206,164262,144834,121237,111944,126122,82553,117939,77737,85715,63860,61652,72251,68831,66415,62934,62875,53799,42898,54867,66536,50951,48530,49892,35795,42702,43457,40896,36426,41308,37045,35040,26986,36603,40288,38421,26218,29564,19595,33838,21653,29465,20531,44865,26336,46953,40661,43917,32234,46078,53726,46974,49143,53362,56940,67387,55880,78723,99066,64964,76647,62986,33665,69428,59557,69015,69005,59148,79109,100504,84260",-3.137097915,-2.938077154,-2.805396647,0,1.10613E+11,10.85653114
test/Sample_21,Std_7,Fumarate,115.004,10,253.8,223.8,283.8,s,1000,targets.csv,4620270,1.82E+05,95,204293,260.2409973,4952,34031,48634.42105,61828,"226.0,234.82,235.86,236.38,236.9,237.41,237.93,238.45,238.97,239.49,240.01,240.53,241.05,241.57,242.08,242.6,243.12,243.64,244.16,244.68,245.2,245.72,246.24,246.75,247.27,247.79,248.31,248.83,249.35,249.87,250.38,250.9,251.42,251.94,252.46,252.98,253.5,254.02,254.54,255.05,255.57,256.09,256.61,257.13,257.65,258.17,258.68,259.2,259.72,260.24,260.76,261.28,261.8,262.32,262.83,263.35,263.87,264.39,264.91,265.43,265.95,266.47,266.98,267.5,268.02,268.54,269.06,269.58,270.1,270.62,271.14,271.65,272.17,272.69,273.21,273.73,274.25,274.77,275.29,275.8,276.32,276.84,277.36,277.88,278.4,278.92,279.44,279.95,280.47,280.99,281.51,282.03,282.55,283.07,283.59","5898,6283,30419,43330,69588,93737,129081,141289,117056,171052,168168,204293,175001,144376,147850,133452,112368,73933,110815,84140,68173,70633,65579,48965,55281,45198,51850,39888,28690,32180,32897,40192,30732,32972,34031,26375,17735,20873,28563,11863,21952,23170,23478,29354,19377,23330,15444,12177,30572,4952,6864,10274,22496,15258,15259,15480,10996,6158,14792,6013,18803,11936,11365,10941,15813,11788,8582,22944,21319,26069,10286,31545,34380,18197,34870,35913,35152,28867,51440,64344,70291,65887,59473,46743,54063,55026,42610,63089,41839,46323,57158,46104,72474,54715,67726",-3.336118676,-3.070757661,-2.938077154,0,1.09563E+11,10.93778419
test/Sample_22,Std_8,Fumarate,115.004,10,253.8,223.8,283.8,s,1000,targets.csv,2991797,7.67E+04,88,98933,261.2789917,5254,26753.5,33997.69318,67810,"235.34,235.86,236.38,236.9,237.42,237.93,238.45,238.97,239.49,240.01,240.53,241.05,241.57,242.09,242.6,243.12,243.64,244.16,244.68,245.2,245.72,246.24,246.75,247.27,247.79,248.31,248.83,249.35,249.87,250.38,250.9,251.42,251.94,252.46,252.98,253.5,254.02,254.54,255.05,255.57,256.09,257.13,257.65,258.69,259.2,259.72,260.76,261.28,262.32,262.84,263.36,264.39,264.91,265.43,265.95,266.47,266.99,267.51,268.02,268.54,269.58,270.1,270.62,271.14,271.65,272.17,272.69,273.21,273.73,274.25,274.77,275.29,275.8,276.32,276.84,277.36,277.88,278.4,278.92,279.44,279.95,280.47,280.99,281.51,282.03,282.55,283.07,283.59","7348,8910,26123,32232,42215,51084,50117,85331,91866,74687,92763,97156,65707,98933,65520,70244,57679,56135,45943,57924,41830,37811,28409,40527,18065,16415,33964,21977,21283,27384,32609,11290,20158,11061,24165,12268,15586,19945,19010,10470,10862,5254,12321,7941,18358,8079,8726,9374,9501,9228,7323,5890,8789,19930,12041,6672,7289,15157,9685,10348,11750,19231,25037,20731,25520,25944,22239,29317,21255,31089,50144,32168,41788,57694,44072,55076,39145,56334,51006,40785,49525,48711,52799,51673,52039,60641,56014,75158",-3.336118676,-3.137097915,-2.8717369,0,1.09381E+11,10.95144081
test/Sample_23,Sample_1,Guanine,150.042,10,356.04,326.04,386.04,s,1000,targets.csv,9975678,477105,70,850413,337.6390076,12280,63478.5,142509.6857,837079,"326.23,326.74,327.26,327.78,328.3,328.82,329.34,329.86,330.38,330.89,331.41,331.93,332.45,332.97,333.49,334.01,334.53,335.05,335.56,336.08,336.6,337.12,337.64,338.16,338.68,339.2,339.71,340.23,340.75,341.27,341.79,342.31,342.83,343.35,343.86,344.38,344.9,345.42,345.94,346.46,346.98,347.5,348.02,348.53,349.05,349.57,350.09,351.13,351.65,353.2,354.24,355.28,355.8,357.35,358.39,358.91,359.43,359.95,362.02,364.1","850413,580902,762946,445866,610035,290891,498554,253812,295273,247365,245712,226739,235848,248501,239588,251084,195130,189933,195403,194702,170891,172874,100361,178721,61783,147828,75357,132797,76618,128317,62284,106402,55021,95324,73205,81315,68036,58720,36683,52361,39795,44814,51571,31353,48592,32806,32736,46708,26750,20084,19067,22721,19315,16211,17800,14157,13677,14046,12280,13334",5.032770512,6.710767469,8.032825679,0,2.30506E+11,12.7777195
test/Sample_24,Sample_2,Guanine,150.042,10,356.04,326.04,386.04,s,1000,targets.csv,4239220,261992,58,393654,341.2709961,11001,38770,73090,96984,"326.23,326.74,327.26,327.78,328.3,328.82,329.34,329.86,330.38,330.9,331.41,331.93,332.45,332.97,333.49,334.01,334.53,335.05,335.57,336.08,336.6,337.12,337.64,338.16,338.68,339.2,339.71,340.23,340.75,341.27,341.79,342.31,342.83,343.35,343.86,344.38,344.9,345.42,345.94,346.46,346.98,347.5,348.02,348.53,349.05,355.28,355.8","258379,393654,133945,354951,152588,228214,136656,170595,150589,112025,141604,36982,119248,53355,91144,88103,91202,101256,71614,93782,24227,82320,31352,73477,41242,61986,45458,52042,56091,31050,50045,26602,40558,24836,30394,28035,20149,24311,19058,22299,13900,19291,20847,21712,14512,11001,12478",4.549710781,6.202283543,7.829432108,0,1.49493E+11,15.05696297
test/Sample_25,Sample_3,Guanine,150.042,10,356.04,326.04,386.04,s,1000,targets.csv,870800,54463,29,107528,337.1239929,8906,23339,30027.58621,98622,"326.23,326.75,327.27,327.79,328.3,328.82,329.34,329.86,330.38,330.9,331.42,331.94,332.46,332.97,333.49,334.01,334.53,335.57,336.61,337.12,337.64,338.16,338.68,339.72,340.76,341.79,342.31",1.0753E+132,5.642951224,7.575190145,8.083674071,0,1.13611E+11,14.3850956
test/Sample_26,Std_1,Guanine,150.042,10,356.04,326.04,386.04,s,1000,targets.csv,359548344,16914549,72,18625162,357.769989,97577,3010853.5,4993727,197017,"348.95,349.47,349.99,350.51,351.03,351.55,352.06,352.58,353.1,353.62,354.14,354.66,355.18,355.7,356.21,356.73,357.25,357.77,358.29,358.81,359.33,359.85,360.36,360.88,361.4,361.92,362.44,362.96,363.48,364.0,364.52,365.03,365.55,366.07,366.59,367.11,367.63,368.15,368.67,369.18,369.7,370.22,370.74,371.26,371.78,372.3,372.82,373.33,373.85,374.37,374.89,375.41,375.93,376.45,376.96,377.48,378.0,378.52,379.04,379.56,380.08,380.6,381.11,381.63,382.15,382.67,383.19,383.71,384.23,384.75,385.27,385.78","294594,1289496,5104405,9630547,15479016,18625162,16639470,16080154,16176279,13678515,14733162,12704447,12794097,13048033,12280661,12164009,11921827,10049574,9349822,8720251,8303988,7873655,7220072,6465597,6522334,5779104,5419548,5637917,5238993,4716825,4151821,4289816,3720865,3983126,3363679,3585079,3038406,3503395,2983301,2848065,2620468,2462222,2154644,2271421,1852316,1614787,1572377,1313252,1349887,1514041,1124145,1094639,1033059,781431,853829,707252,675225,630496,572509,610778,614532,366981,385863,348379,345928,283735,257982,185691,187373,139815,116603,97577",1.16829267,1.269989455,1.37168624,0,4.2882E+11,9.653215408
test/Sample_27,Std_2,Guanine,150.042,10,356.04,326.04,386.04,s,1000,targets.csv,106616102,5462148,73,5944698,348.4299927,19699,554744,1460494.548,15986,"348.43,348.95,349.47,349.99,350.51,351.02,351.54,352.06,352.58,353.1,353.62,354.14,354.65,355.17,355.69,356.21,356.73,357.25,357.77,358.29,358.81,359.32,359.84,360.36,360.88,361.4,361.92,362.44,362.96,363.47,363.99,364.51,365.03,365.55,366.07,366.59,367.11,367.62,368.14,368.66,369.18,369.7,370.22,370.74,371.26,371.77,372.29,372.81,373.33,373.85,374.37,374.89,375.41,375.92,376.44,376.96,377.48,378.0,378.52,379.04,379.56,380.08,380.59,381.11,381.63,382.15,382.67,383.19,383.71,384.23,384.74,385.26,385.78","19699,109395,527542,1898869,3859842,4745246,5360833,5537678,5838414,5594522,5944698,4847224,5178888,4640192,3787895,3473709,3731113,3316911,2810387,2942894,2503857,2245037,2267872,2224983,1876110,1706433,1800405,1503189,1343927,1182245,1075810,1028981,1025172,912456,785583,773648,753826,612595,554744,462728,565958,507658,398934,358898,382487,291816,264574,241733,212259,213484,240409,207026,177101,176101,159767,149570,156773,104782,129734,121143,75125,80482,67046,82962,77781,54501,60810,38456,34571,51709,51253,39962,35685",1.473383026,1.575079811,1.575079811,0,2.08538E+11,10.40876198
test/Sample_28,Std_3,Guanine,150.042,10,356.04,326.04,386.04,s,1000,targets.csv,33974652,2054304,72,2267148,378.5209961,6042,150964.5,471870.1667,10870,"348.95,349.47,349.99,350.51,351.03,351.55,352.06,352.58,353.1,353.62,354.14,354.66,355.18,355.7,356.21,356.73,357.25,357.77,358.29,358.81,359.33,359.85,360.36,360.88,361.4,361.92,362.44,362.96,363.48,363.99,364.51,365.03,365.55,366.07,366.59,367.11,367.63,368.14,368.66,369.18,369.7,370.22,370.74,371.26,371.78,372.3,372.81,373.33,373.85,374.37,374.89,375.41,375.93,376.45,376.96,377.48,378.0,378.52,379.04,379.56,380.08,380.6,381.11,381.63,382.15,382.67,383.19,383.71,384.23,384.75,385.27,385.78","25297,145743,474235,928255,1639758,1819268,2267148,2076497,1875242,1732438,1734583,1755381,1484924,1444626,1347624,1313738,968252,1008247,802391,814631,758968,712864,541117,433721,548857,513556,468847,384959,331354,284215,290223,266179,246821,204773,220013,192746,162728,156186,109258,114518,120219,102459,107902,123194,84772,66179,44797,51287,68577,53022,44072,50943,47900,36137,34553,40311,30085,13765,25462,31624,22040,22537,25006,21988,23218,17123,17801,9720,9446,7863,6042,14427",1.269989455,1.37168624,1.473383026,0,1.44124E+11,10.79720497
test/Sample_29,Std_4,Guanine,150.042,10,356.04,326.04,386.04,s,1000,targets.csv,8015278,478845,66,504505,379.5589905,4833,40116,121443.6061,1554,"348.43,348.95,349.47,349.99,350.51,351.03,351.55,352.06,352.58,353.1,353.62,354.14,354.66,355.18,355.7,356.21,356.73,357.25,357.77,358.29,358.81,359.33,359.85,360.36,360.88,361.4,361.92,362.44,362.96,363.48,364.0,364.52,365.03,365.55,366.07,366.59,367.11,367.63,368.15,368.67,369.18,369.7,370.22,370.74,371.26,371.78,372.3,372.82,373.33,373.85,374.37,374.89,375.41,375.93,376.96,377.48,378.0,378.52,379.04,379.56,380.08,380.6,381.63,384.75,385.27,385.78","8122,32229,77577,233343,367097,431557,459381,504505,472649,387614,480975,451235,395088,374155,359196,240648,287588,228166,211136,193114,179069,138794,121931,128348,99504,102340,82598,73052,90153,51361,66506,41758,68706,44023,40482,37303,34183,37271,39750,26055,27144,20568,14408,24490,16248,14770,20792,18467,20279,21916,16631,6920,9107,8393,8121,8071,5430,9928,4833,5295,5234,5244,7690,4840,5329,6568",1.473383026,1.676776596,1.778473382,0,1.18315E+11,10.86196327
test/Sample_30,Std_5,Guanine,150.042,10,356.04,326.04,386.04,s,1000,targets.csv,2090859,122213,49,153194,363.4750061,4342,23010,42670.59184,821,"348.95,349.47,349.99,350.51,351.02,351.54,352.06,352.58,353.1,353.62,354.14,354.66,355.17,355.69,356.21,356.73,357.25,357.77,358.29,358.81,359.33,359.84,360.36,360.88,361.4,361.92,362.44,362.96,363.48,363.99,364.51,365.03,365.55,366.07,366.59,367.11,367.62,368.14,368.66,369.18,369.7,370.22,370.74,371.26,371.77,373.33,373.85,374.37,377.48","5295,10878,33376,54088,99349,153194,114096,112171,140070,116755,124433,113658,119125,82429,65161,75580,74432,53996,48078,45815,45829,32875,40983,30372,19877,26501,28224,23010,5684,15378,22311,14715,19850,7261,6076,12029,10505,15423,4820,8046,6429,5216,10719,4342,6306,8646,4685,8294,4474",1.066595884,1.37168624,1.676776596,0,1.12192E+11,10.88867378
test/Sample_31,Std_6,Guanine,150.042,10,356.04,326.04,386.04,s,1000,targets.csv,626812,36294,33,42650,365.0329895,3963,16482,18994.30303,2171,"349.47,349.99,350.51,351.03,351.55,352.06,352.58,353.1,353.62,354.14,354.66,355.18,355.7,356.21,356.73,357.25,357.77,358.29,358.81,359.33,359.85,360.36,360.88,361.4,362.44,362.96,363.48,364.0,364.51,365.03,366.07,367.11,368.66",6.6111E+153,1.16829267,1.575079811,1.778473382,0,1.10613E+11,10.85653114
test/Sample_32,Std_7,Guanine,150.042,10,356.04,326.04,386.04,s,1000,targets.csv,179295,13973,18,19287,354.1380005,3901,9061.5,9960.833333,7407,"350.51,351.03,351.54,352.06,352.58,353.1,353.62,354.14,354.66,355.18,355.7,356.21,356.73,357.77,358.81,359.33,360.36,367.63",1.13081E+79,1.16829267,1.473383026,1.753049185,0,1.09563E+11,10.93778419
test/Sample_33,Std_8,Guanine,150.042,10,356.04,326.04,386.04,s,1000,targets.csv,135666,8580,18,13774,363.9960022,4431,6261.5,7537,1225,"351.03,351.55,352.06,353.1,353.62,354.14,354.66,355.7,356.21,356.73,357.77,358.29,359.85,360.88,362.44,363.48,364.0,368.15",5.95364E+74,0.659808743,0.914050706,1.066595884,0,1.09381E+11,10.95144081
test/Sample_34,Sample_1,L-Asparagine,131.046,10,494.22,464.22,524.22,s,1000,targets.csv,1168649,133167,16,139496,492.2420044,23737,59586,73040.5625,21896,"492.24,492.76,493.28,493.8,494.32,494.84,495.36,495.87,496.39,496.91,497.43,497.95,498.47,499.51,501.58,520.26",3.35956E+84,5.949304583,6.444167864,6.85170233,0,5.18037E+11,10.76921272
test/Sample_35,Sample_2,L-Asparagine,131.046,10,494.22,464.22,524.22,s,1000,targets.csv,192279,18759,10,30824,494.3070068,8480,19032,19227.9,19163,"492.23,492.75,493.27,493.79,494.31,494.83,495.35,496.38,497.94,519.21",8.4801E+48,6.560606283,6.793483121,7.113688773,0,2.30506E+11,12.7777195
test/Sample_36,Sample_3,L-Asparagine,131.046,10,494.22,464.22,524.22,s,1000,targets.csv,28996,7975,3,12380,498.4580078,5070,11546,9665.333333,7310,"498.46,519.21,519.73",5.07012E+13,-7.004469536,-5.548989298,1.670192683,0,1.49493E+11,15.05696297
test/Sample_37,Std_1,L-Asparagine,131.046,10,494.22,464.22,524.22,s,1000,targets.csv,435732644,58839596,68,66484504,510.8070068,10497,556122.5,6407833,65584,"489.02,489.54,490.06,490.58,491.09,491.61,492.13,492.65,493.17,493.69,494.21,494.73,495.24,495.76,496.28,496.8,497.32,497.84,498.36,498.88,499.39,499.91,500.43,500.95,501.47,501.99,502.51,503.03,503.55,504.06,504.58,505.1,505.62,506.14,506.66,507.18,507.7,508.21,508.73,509.25,509.77,510.29,510.81,511.33,511.85,512.36,512.88,513.4,513.92,514.44,514.96,515.48,515.99,516.51,517.03,517.55,518.07,518.59,519.11,519.63,520.15,520.66,521.18,521.7,522.22,522.74,523.26,523.78","10929,11317,10497,198164,4712906,25811484,52568716,66484504,57465568,47470400,34506148,25715178,18857430,16046529,13105527,11389828,9115962,7177699,5347981,4284305,3592728,3354354,3449408,2672883,2177427,1975406,1783056,1528217,1422730,1169537,1085203,953514,878906,701438,789847,697282,542422,594258,569823,352607,275460,238329,268930,236371,227709,180105,195791,162872,219321,203893,200267,162497,119021,137688,103030,119714,193611,120444,195913,276415,293235,286367,155245,173615,102771,98845,126554,76513",0.593137307,0.73868533,0.85512375,0,4.2882E+11,9.653215408
test/Sample_38,Std_2,L-Asparagine,131.046,10,494.22,464.22,524.22,s,1000,targets.csv,103488734,13519524,67,14683647,511.322998,3459,117732,1544607.97,1376,"482.27,489.54,490.57,491.09,491.61,492.13,492.65,493.17,493.68,494.2,494.72,495.24,495.76,496.28,496.8,497.32,497.84,498.35,498.87,499.39,499.91,500.43,500.95,501.47,501.99,502.5,503.02,503.54,504.06,504.58,505.1,505.62,506.14,506.65,507.17,507.69,508.21,508.73,509.25,509.77,510.29,510.8,511.32,511.84,512.36,512.88,513.4,513.92,514.44,514.96,515.47,515.99,516.51,517.03,517.55,518.07,518.59,519.1,519.62,520.14,520.66,521.18,521.7,522.22,522.74,523.26,523.77","4415,3459,57763,964135,4798336,11155216,14648988,14683647,11225938,8491276,6515549,5209310,4492973,3726726,2754169,2037471,1828056,1652592,1244079,1006674,821415,682165,580367,545273,497494,405557,394163,294018,217887,177723,167519,171123,153176,148677,125540,125911,117732,70149,83757,87868,67140,55743,42676,49329,69935,39855,61339,55639,40420,43593,40912,33126,31554,23487,39874,25719,37374,62936,59257,73598,55252,21062,24819,26071,13565,20382,5791",0.913342959,1.088000588,1.204439007,0,2.08538E+11,10.40876198
test/Sample_39,Std_3,L-Asparagine,131.046,10,494.22,464.22,524.22,s,1000,targets.csv,26117071,2883860,64,3252298,490.5750122,3956,36831,408079.2344,3175,"490.58,491.09,491.61,492.13,492.65,493.17,493.69,494.21,494.73,495.24,495.76,496.28,496.8,497.32,497.84,498.36,498.88,499.39,499.91,500.43,500.95,501.47,501.99,502.51,503.02,503.54,504.06,504.58,505.1,505.62,506.14,506.66,507.17,507.69,508.21,508.73,509.25,509.77,510.29,510.81,511.33,511.84,512.36,512.88,513.4,513.92,514.44,514.96,515.48,515.99,516.51,517.03,517.55,518.59,519.11,519.63,520.15,520.66,521.18,521.7,522.22,522.74,523.26,523.78","8740,112936,808668,1731322,2614659,3252298,2784623,2513982,2198104,1718043,1538809,1116622,887780,732951,691056,537231,436657,355268,321436,267193,175345,140870,111034,95370,90434,66213,88060,61021,42139,33998,43396,45958,39313,25638,34349,42431,24434,18117,25201,10658,23469,14072,21735,20352,16180,12254,5315,7971,13952,12083,12953,12309,4447,18966,8234,12891,12391,7399,8729,3956,5854,7053,6584,5565",0.73868533,0.971562169,1.000671773,0,1.44124E+11,10.79720497
test/Sample_40,Std_4,L-Asparagine,131.046,10,494.22,464.22,524.22,s,1000,targets.csv,5239593,563787,50,595547,515.4760132,3674,18491.5,104791.86,1087,"491.09,491.61,492.13,492.65,493.17,493.69,494.21,494.73,495.24,495.76,496.28,496.8,497.32,497.84,498.36,498.88,499.39,499.91,500.43,500.95,501.47,501.99,502.51,503.03,503.55,504.06,504.58,505.1,505.62,506.14,506.66,507.18,507.7,508.21,508.73,509.25,509.77,510.29,510.81,511.33,511.85,512.88,513.4,514.44,514.96,515.48,516.51,518.07,519.11,521.18","6660,86735,295059,496853,548173,595547,547641,475544,396078,341867,225410,215102,146082,136414,108355,78314,76316,48510,31204,51234,40950,28371,30143,20670,21750,16313,22243,5286,10270,14865,11371,6954,4976,10165,7092,5409,6410,6893,4217,4444,4012,6642,6819,8153,3674,3683,5018,4632,5497,5573",0.767794935,0.971562169,1.088000588,0,1.18315E+11,10.86196327
test/Sample_41,Std_5,L-Asparagine,131.046,10,494.22,464.22,524.22,s,1000,targets.csv,1298584,133870,31,153724,498.8729858,3277,19080,41889.80645,1086,"491.09,491.61,492.13,492.65,493.17,493.69,494.2,494.72,495.24,495.76,496.28,496.8,497.32,497.84,498.36,498.87,499.39,499.91,500.43,500.95,501.47,501.99,502.51,503.02,504.58,505.62,506.14,506.65,508.73,512.36,515.47",4.8112E+147,0.79690454,1.088000588,1.320877426,0,1.12192E+11,10.88867378
test/Sample_42,Std_6,L-Asparagine,131.046,10,494.22,464.22,524.22,s,1000,targets.csv,390982,43675,23,51166,501.4689941,3543,11770,16999.21739,6059,"491.61,492.13,492.65,493.17,493.69,494.21,494.73,495.24,495.76,496.28,496.8,497.32,497.84,498.36,498.88,499.39,499.91,500.43,500.95,501.47,506.66,507.7,509.77",9.7292E+105,0.505808492,0.73868533,0.971562169,0,1.10613E+11,10.85653114
test/Sample_43,Std_7,L-Asparagine,131.046,10,494.22,464.22,524.22,s,1000,targets.csv,167032,15359,21,18249,469.8240051,2705,5921,7953.904762,221,"469.82,491.61,492.13,492.65,493.17,493.69,494.21,494.73,495.24,495.76,496.28,496.8,497.32,498.36,499.91,500.43,500.95,501.47,503.54,507.17,510.81",2.70541E+89,0.622246911,0.73868533,0.971562169,0,1.09563E+11,10.93778419
test/Sample_44,Std_8,L-Asparagine,131.046,10,494.22,464.22,524.22,s,1000,targets.csv,95498,12170,13,13483,501.9880066,3515,5745,7346,674,"492.13,492.65,493.17,493.69,494.21,494.73,495.24,495.76,496.8,497.32,497.84,499.39,501.99",3.51581E+55,0.622246911,0.73868533,0.85512375,0,1.09381E+11,10.95144081
test/Sample_45,Sample_1,L-Citrulline,174.088,10,505.38,475.38,535.38,s,1000,targets.csv,4501476,734718.5,15,906400.5,505.1000061,3638,14792,91783.55556,1118,"494.73,502.51,503.02,503.54,504.06,504.58,505.1,505.62,506.14,506.66,507.17,507.69,508.21,508.73,509.25,509.77,510.29,510.81,511.33,512.36,512.88,513.92,514.44,514.96,515.48,519.63",3.9766E+126,1.300022744,1.475322466,1.606797258,0,1.44124E+11,10.79720497
test/Sample_46,Sample_2,L-Citrulline,174.088,10,505.38,475.38,535.38,s,1000,targets.csv,1239078,201930,11,237543.5,531.5579834,4102,15807,34604.93333,122,"502.51,503.03,503.55,504.06,504.58,505.1,505.62,506.14,506.66,507.18,507.7,508.21,508.73,510.29,531.56",4.10251E+71,1.431497536,1.73827205,1.913571773,0,1.18315E+11,10.86196327
test/Sample_47,Sample_3,L-Citrulline,174.088,10,505.38,475.38,535.38,s,1000,targets.csv,259537,43814.5,7,54262.5,503.0239868,3258,8385,12562.63636,9012,"503.02,503.54,504.06,504.58,505.1,505.62,506.14,506.65,507.17,507.69,508.73",1.22703E+48,1.431497536,1.73827205,1.825921912,0,1.12192E+11,10.88867378
test/Sample_48,Std_1,L-Citrulline,174.088,10,505.38,475.38,535.38,s,1000,targets.csv,46991505,7767306,45,8535970,527.927002,6877,62058,1044255.667,9873,"501.99,502.51,503.03,503.55,504.06,504.58,505.1,505.62,506.14,506.66,507.18,507.7,508.21,508.73,509.25,509.77,510.29,510.81,511.33,511.85,512.36,512.88,513.4,513.92,514.44,514.96,515.48,515.99,516.51,517.03,519.11,520.15,520.66,521.7,522.74,523.26,523.78,525.33,527.41,527.93,528.96,529.48,530.52,534.15,535.19","17294,668601,4335488,8052196,8535970,6713752,4729622,3709271,2234307,1983529,1423156,942214,815052,717197,469165,294692,185625,161853,128502,128393,91977,97921,76119,37286,62058,35506,39188,9613,30901,29615,27625,33533,22626,19586,19038,19256,19348,11676,10609,8137,8365,13942,7403,6877,7421",1.124723021,1.212372882,1.300022744,0,4.2882E+11,9.653215408
test/Sample_49,Std_2,L-Citrulline,174.088,10,505.38,475.38,535.38,s,1000,targets.csv,9002952,1469437,35,1812801,513.3989868,3778,33248,257227.2,10390,"501.99,502.5,503.02,503.54,504.06,504.58,505.1,505.62,506.14,506.65,507.17,507.69,508.21,508.73,509.25,509.77,510.29,510.8,511.32,511.84,512.36,512.88,513.4,513.92,514.44,514.96,515.47,515.99,519.62,520.14,521.7,523.77,524.81,527.92",1.742E+179,1.519147397,1.650622189,1.869746842,0,2.08538E+11,10.40876198
test/Sample_50,Std_3,L-Citrulline,174.088,10,505.38,475.38,535.38,s,1000,targets.csv,2478156,403860,27,475087,505.1000061,3638,14792,91783.55556,1118,"494.73,502.51,503.02,503.54,504.06,504.58,505.1,505.62,506.14,506.66,507.17,507.69,508.21,508.73,509.25,509.77,510.29,510.81,511.33,512.36,512.88,513.92,514.44,514.96,515.48,519.63",3.9766E+126,1.300022744,1.475322466,1.606797258,0,1.44124E+11,10.79720497
test/Sample_51,Std_4,L-Citrulline,174.088,10,505.38,475.38,535.38,s,1000,targets.csv,519074,87629,15,108525,531.5579834,4102,15807,34604.93333,122,"502.51,503.03,503.55,504.06,504.58,505.1,505.62,506.14,506.66,507.18,507.7,508.21,508.73,510.29,531.56",4.10251E+71,1.431497536,1.73827205,1.913571773,0,1.18315E+11,10.86196327
test/Sample_52,Std_5,L-Citrulline,174.088,10,505.38,475.38,535.38,s,1000,targets.csv,138189,25907,11,34873,503.0239868,3258,8385,12562.63636,9012,"503.02,503.54,504.06,504.58,505.1,505.62,506.14,506.65,507.17,507.69,508.73",1.22703E+48,1.431497536,1.73827205,1.825921912,0,1.12192E+11,10.88867378
test/Sample_53,Std_6,L-Citrulline,174.088,10,505.38,475.38,535.38,s,1000,targets.csv,42154,8416,7,12053,503.026001,3231,4792,6022,2091,"503.03,503.54,504.06,504.58,505.1,505.62,506.14",5.32284E+28,1.387672605,1.562972328,1.650622189,0,1.10613E+11,10.85653114
test/Sample_54,Std_7,L-Citrulline,174.088,10,505.38,475.38,535.38,s,1000,targets.csv,4484,1494,1,4484,504.0629883,4484,4484,4484,0,504.06,4484,1.387672605,1.387672605,1.387672605,0,1.09563E+11,10.93778419
test/Sample_55,Std_8,L-Citrulline,174.088,10,505.38,475.38,535.38,s,1000,targets.csv,6281,2093,2,3175,503.5440063,3106,3140.5,3140.5,69,"503.54,504.58",31753106,1.584884793,1.606797258,1.628709724,0,1.09381E+11,10.95144081
test/Sample_56,Sample_1,L-Serine,104.035,10,493.56,463.56,523.56,s,1000,targets.csv,30555749,5001797.5,49,5630994.5,489.5369873,3283,21628,325075.8571,81,"483.31,489.54,490.06,490.58,491.09,491.61,492.13,492.65,493.17,493.69,494.21,494.73,495.24,495.76,496.28,496.8,497.32,497.84,498.36,498.88,499.39,499.91,500.43,500.95,501.47,501.99,502.51,503.02,503.54,504.06,504.58,505.1,505.62,506.14,506.66,507.17,507.69,508.21,508.73,509.25,509.77,510.81,511.33,512.36,513.4,515.48,515.99,517.03,521.18","5116,4718,6815,103575,533262,1717728,2320791,2405766,2226224,1565959,1229472,896613,608315,536737,355653,270154,206071,178307,113040,92549,86310,60399,67931,42335,39378,25914,24128,21628,21086,17330,13834,13780,12254,6968,10534,9497,5673,10834,3283,4185,6823,7337,8737,5795,6779,4232,5027,4806,5035",3.041930938,3.188600704,3.335270469,0,1.44124E+11,10.79720497
test/Sample_57,Sample_2,L-Serine,104.035,10,493.56,463.56,523.56,s,1000,targets.csv,7964358.5,1158796.5,33,1202883,508.7319946,3775,30332,105056.6061,9098,"490.58,491.09,491.61,492.13,492.65,493.17,493.69,494.21,494.73,495.24,495.76,496.28,496.8,497.32,497.84,498.36,498.88,499.39,499.91,500.43,500.95,501.47,502.51,503.03,503.55,504.06,504.58,506.14,506.66,508.73,509.25,511.85,513.4",1.3234E+163,3.188600704,3.335270469,3.481940235,0,1.18315E+11,10.86196327
test/Sample_58,Sample_3,L-Serine,104.035,10,493.56,463.56,523.56,s,1000,targets.csv,1733434,237487.5,19,256033,498.8729858,5112,32629,58150.31579,18081,"491.09,491.61,492.13,492.65,493.17,493.69,494.2,494.72,495.24,495.76,496.28,496.8,497.32,497.84,498.36,498.87,499.39,499.91,500.43",2.78138E+94,3.261935587,3.408605352,3.518607676,0,1.12192E+11,10.88867378
test/Sample_59,Std_1,L-Serine,104.035,10,493.56,463.56,523.56,s,1000,targets.csv,265813082,40071322,66,47454812,511.3259888,6598,194498,4027470.939,63161,"489.54,490.06,490.58,491.09,491.61,492.13,492.65,493.17,493.69,494.21,494.73,495.24,495.76,496.28,496.8,497.32,497.84,498.36,498.88,499.39,499.91,500.43,500.95,501.47,501.99,502.51,503.03,503.55,504.06,504.58,505.1,505.62,506.14,506.66,507.18,507.7,508.21,508.73,509.25,509.77,510.29,510.81,511.33,511.85,512.36,512.88,513.4,513.92,514.44,514.96,515.48,515.99,516.51,517.03,517.55,518.07,518.59,519.11,519.63,520.15,520.66,521.18,521.7,522.22,522.74,523.26","6598,99307,4018980,26927920,47454812,45831236,36653736,25985480,20142574,11958242,8725703,6251172,5366828,3996267,3550330,2560991,2053656,1771324,1448214,1257622,1076415,914308,688502,531801,553600,514446,463158,400628,349323,349352,280748,274494,203519,268756,194652,194344,123503,127914,118548,102099,77858,91548,49455,74302,92779,68021,57617,64897,77378,73934,51113,63509,56555,53735,61872,72618,107653,85286,142339,147895,120062,82004,55237,53852,70702,69759",2.986929776,3.041930938,3.188600704,0,4.2882E+11,9.653215408
test/Sample_60,Std_2,L-Serine,104.035,10,493.56,463.56,523.56,s,1000,targets.csv,61111498,10003595,63,11261989,517.5490112,9162,41280,970023.7778,29107,"490.05,490.57,491.09,491.61,492.13,492.65,493.17,493.68,494.2,494.72,495.24,495.76,496.28,496.8,497.32,497.84,498.35,498.87,499.39,499.91,500.43,500.95,501.47,501.99,502.5,503.02,503.54,504.06,504.58,505.1,505.62,506.14,506.65,507.17,507.69,508.21,508.73,509.25,509.77,510.29,510.8,511.32,511.84,512.36,512.88,513.4,513.92,514.44,514.96,515.47,515.99,516.51,517.03,517.55,518.07,519.1,519.62,520.14,520.66,521.18,521.7,522.22,522.74","39937,582846,4636589,9716716,11261989,9032082,6752335,4320386,3207985,2402063,1750024,1421131,1186342,825839,646918,531417,398375,360868,249192,173759,165937,136768,118923,123154,81700,67926,74888,50832,40067,43985,53485,40940,31535,35353,45087,22503,27025,22816,19363,16348,20746,16262,15570,16687,16418,13977,14806,9162,13743,9284,17362,11620,17956,11304,11940,25077,41280,47886,19804,14054,11001,9301,10830",3.408605352,3.481940235,3.628610001,0,2.08538E+11,10.40876198
test/Sample_61,Std_3,L-Serine,104.035,10,493.56,463.56,523.56,s,1000,targets.csv,15928717,2317593,49,2405766,489.5369873,3283,21628,325075.8571,81,"483.31,489.54,490.06,490.58,491.09,491.61,492.13,492.65,493.17,493.69,494.21,494.73,495.24,495.76,496.28,496.8,497.32,497.84,498.36,498.88,499.39,499.91,500.43,500.95,501.47,501.99,502.51,503.02,503.54,504.06,504.58,505.1,505.62,506.14,506.66,507.17,507.69,508.21,508.73,509.25,509.77,510.81,511.33,512.36,513.4,515.48,515.99,517.03,521.18","5116,4718,6815,103575,533262,1717728,2320791,2405766,2226224,1565959,1229472,896613,608315,536737,355653,270154,206071,178307,113040,92549,86310,60399,67931,42335,39378,25914,24128,21628,21086,17330,13834,13780,12254,6968,10534,9497,5673,10834,3283,4185,6823,7337,8737,5795,6779,4232,5027,4806,5035",3.041930938,3.188600704,3.335270469,0,1.44124E+11,10.79720497
test/Sample_62,Std_4,L-Serine,104.035,10,493.56,463.56,523.56,s,1000,targets.csv,3466868,474975,33,512066,508.7319946,3775,30332,105056.6061,9098,"490.58,491.09,491.61,492.13,492.65,493.17,493.69,494.21,494.73,495.24,495.76,496.28,496.8,497.32,497.84,498.36,498.88,499.39,499.91,500.43,500.95,501.47,502.51,503.03,503.55,504.06,504.58,506.14,506.66,508.73,509.25,511.85,513.4",1.3234E+163,3.188600704,3.335270469,3.481940235,0,1.18315E+11,10.86196327
test/Sample_63,Std_5,L-Serine,104.035,10,493.56,463.56,523.56,s,1000,targets.csv,1104856,151638,19,157659,498.8729858,5112,32629,58150.31579,18081,"491.09,491.61,492.13,492.65,493.17,493.69,494.2,494.72,495.24,495.76,496.28,496.8,497.32,497.84,498.36,498.87,499.39,499.91,500.43",2.78138E+94,3.261935587,3.408605352,3.518607676,0,1.12192E+11,10.88867378
test/Sample_64,Std_6,L-Serine,104.035,10,493.56,463.56,523.56,s,1000,targets.csv,609946,83171,24,92056,499.3940125,3011,11740,25414.41667,1925,"490.58,491.09,491.61,492.13,492.65,493.17,493.69,494.21,494.73,495.24,495.76,496.28,496.8,497.32,497.84,498.36,498.88,499.39,499.91,500.43,500.95,501.47,502.51,503.03",5.1111E+108,3.0969321,3.188600704,3.35360419,0,1.10613E+11,10.85653114
test/Sample_65,Std_7,L-Serine,104.035,10,493.56,463.56,523.56,s,1000,targets.csv,470987,52691,19,62837,504.5809937,3824,18745,24788.78947,7079,"491.09,491.61,492.13,492.65,493.17,493.69,494.21,494.73,495.24,495.76,496.28,496.8,497.32,497.84,498.88,499.39,499.91,504.58,507.69",1.09035E+87,2.931928614,3.115265821,3.298603028,0,1.09563E+11,10.93778419
test/Sample_66,Std_8,L-Serine,104.035,10,493.56,463.56,523.56,s,1000,targets.csv,433638,58838,19,72132,497.8380127,3833,17239,22823.05263,58,"491.09,491.61,492.13,492.65,493.17,493.69,494.21,494.73,495.24,495.76,496.28,496.8,497.32,497.84,498.36,498.88,499.39,499.91,501.99",3.8912E+85,3.261935587,3.408605352,3.591942559,0,1.09381E+11,10.95144081
test/Sample_67,Sample_1,L-Valine,116.072,10,456.06,426.06,486.06,s,1000,targets.csv,1221417,77031,42,98360.5,469.3049927,3195,8932,13666.64286,603,"438.18,441.29,441.81,442.33,442.85,443.37,443.89,444.4,444.92,445.44,445.96,446.48,447.0,447.52,448.04,448.55,449.07,449.59,450.11,450.63,451.15,451.67,452.19,452.7,453.74,454.26,454.78,455.3,456.86,457.37,457.89,458.93,459.45,459.97,460.49,461.01,461.52,462.56,466.71,469.3,475.53,483.83",5.3205E+186,-3.167126836,-2.969937302,-2.591990695,0,1.44124E+11,10.79720497
test/Sample_68,Sample_2,L-Valine,116.072,10,456.06,426.06,486.06,s,1000,targets.csv,286999.5,17335.5,17,20263.5,448.0360107,3228,4786,6156.294118,1841,"442.85,443.37,443.89,444.92,445.96,446.48,447.0,447.52,448.04,448.55,450.11,450.63,451.15,454.78,456.34,459.97,465.67",5.06947E+69,-3.430046215,-3.101396991,-2.838477613,0,1.18315E+11,10.86196327
test/Sample_69,Sample_3,L-Valine,116.072,10,456.06,426.06,486.06,s,1000,targets.csv,52328.5,5022.5,5,7142.5,455.2969971,3804,4386,4511.6,582,"446.48,447.0,447.52,455.3,460.48",4.38652E+19,-3.035667147,-2.312638855,-2.24690901,0,1.12192E+11,10.88867378
test/Sample_70,Std_1,L-Valine,116.072,10,456.06,426.06,486.06,s,1000,targets.csv,17501554,786773,89,1019089,482.7940063,8485,73497,196646.6742,5746,"439.74,440.26,440.77,441.29,441.81,442.33,442.85,443.37,443.89,444.4,444.92,445.44,445.96,446.48,447.0,447.52,448.04,448.55,449.07,449.59,450.11,450.63,451.15,451.67,452.19,452.7,453.22,453.74,454.26,454.78,455.3,455.82,456.34,456.86,457.37,457.89,458.41,458.93,459.45,459.97,460.49,461.01,461.52,462.04,462.56,463.08,463.6,464.12,464.64,465.16,465.67,466.19,466.71,467.23,467.75,468.27,468.79,469.31,469.82,470.34,470.86,471.38,471.9,472.42,472.94,473.46,473.98,474.49,475.01,475.53,476.05,476.57,477.09,477.61,478.12,478.64,479.16,479.68,480.2,480.72,481.24,481.76,482.27,482.79,484.87,485.91","14537,60171,143775,479674,1019089,861558,916736,775864,958354,931398,770746,704452,692518,610627,581144,454835,513817,603611,421765,290673,391602,418857,348019,250241,271100,230748,162333,225100,176194,153571,161561,159788,104568,108732,86045,114271,105137,134577,144946,141456,114309,127778,134151,123672,86816,83350,72479,65779,73497,45476,57986,55050,43480,43125,54101,37656,40128,16791,14016,23475,35323,16469,26343,22815,16630,20738,8921,16232,9822,16224,10387,11678,16809,18208,16077,17931,8900,8485,18407,15658,10461,13923,19284,13315,22716,20283",-3.232856681,-2.838477613,-2.707017923,0,4.2882E+11,9.653215408
test/Sample_71,Std_2,L-Valine,116.072,10,456.06,426.06,486.06,s,1000,targets.csv,2442834,154062,68,196721,462.0409851,2782,16757.5,35924.02941,11068,"441.29,441.81,442.33,442.85,443.36,443.88,444.4,444.92,445.44,445.96,446.48,447.0,447.52,448.03,448.55,449.07,449.59,450.11,450.63,451.15,451.67,452.18,452.7,453.22,453.74,454.26,454.78,455.3,455.82,456.33,456.85,457.37,457.89,458.41,458.93,459.45,459.96,460.48,461.0,461.52,462.04,462.56,463.08,463.6,464.12,464.63,465.15,465.67,466.19,466.71,467.23,467.75,468.27,468.79,469.82,471.38,471.9,472.42,472.93,473.45,473.97,475.53,476.05,476.57,478.64,481.75,482.79","16312,33429,62196,67520,105528,135344,102542,141648,175532,196721,89935,123470,117987,111606,62137,87029,65925,49668,39872,45746,29185,31644,23637,28450,30255,20498,20586,14354,12371,21490,23831,17203,13201,18750,21882,16052,34177,11296,18082,19063,11309,9949,16289,6935,9532,11375,4050,6536,5272,9336,9681,4003,3885,3874,5703,8146,3380,4222,2782,4552,5789,6543,5149,3450,4658,3853,5244",-3.101396991,-2.904207457,-2.624855617,0,2.08538E+11,10.40876198
test/Sample_72,Std_3,L-Valine,116.072,10,456.06,426.06,486.06,s,1000,targets.csv,573999,34671,42,40527,469.3049927,3195,8932,13666.64286,603,"438.18,441.29,441.81,442.33,442.85,443.37,443.89,444.4,444.92,445.44,445.96,446.48,447.0,447.52,448.04,448.55,449.07,449.59,450.11,450.63,451.15,451.67,452.19,452.7,453.74,454.26,454.78,455.3,456.86,457.37,457.89,458.93,459.45,459.97,460.49,461.01,461.52,462.56,466.71,469.3,475.53,483.83",5.3205E+186,-3.167126836,-2.969937302,-2.591990695,0,1.44124E+11,10.79720497
test/Sample_73,Std_4,L-Valine,116.072,10,456.06,426.06,486.06,s,1000,targets.csv,104657,10045,17,14285,448.0360107,3228,4786,6156.294118,1841,"442.85,443.37,443.89,444.92,445.96,446.48,447.0,447.52,448.04,448.55,450.11,450.63,451.15,454.78,456.34,459.97,465.67",5.06947E+69,-3.430046215,-3.101396991,-2.838477613,0,1.18315E+11,10.86196327
test/Sample_74,Std_5,L-Valine,116.072,10,456.06,426.06,486.06,s,1000,targets.csv,22558,4838,5,5244,455.2969971,3804,4386,4511.6,582,"446.48,447.0,447.52,455.3,460.48",4.38652E+19,-3.035667147,-2.312638855,-2.24690901,0,1.12192E+11,10.88867378
test/Sample_75,Std_6,L-Valine,116.072,10,456.06,426.06,486.06,s,1000,targets.csv,17651,4542,4,4753,434.0289917,4023,4437.5,4412.75,290,"430.4,434.03,443.37,457.89",4.31348E+15,-2.148314243,-1.491015797,-1.096636729,0,1.10613E+11,10.85653114
test/Sample_76,Std_7,L-Valine,116.072,10,456.06,426.06,486.06,s,1000,targets.csv,11129,2487,3,4127,470.3429871,3336,3666,3709.666667,461,"441.81,463.6,470.34",4.12733E+11,-2.608423156,-1.786800098,-0.899447195,0,1.09563E+11,10.93778419
test/Sample_77,Std_8,L-Valine,116.072,10,456.06,426.06,486.06,s,1000,targets.csv,26265,4923,6,5417,453.7430115,3080,4398.5,4377.5,381,"430.92,446.48,448.04,453.74,459.45,473.98",4.27654E+23,-3.446478676,-2.575558234,-1.26096134,0,1.09381E+11,10.95144081
test/Sample_78,Sample_1,N-Acetyl-L-Glutamate,188.056,10,295.92,265.92,325.92,s,1000,targets.csv,1511614632,92115466.5,73,368674464,311.1820068,9178,9178,9178,0,311.18,9178,-3.733719943,-3.733719943,-3.733719943,0,1.49493E+11,15.05696297
test/Sample_79,Sample_2,N-Acetyl-L-Glutamate,188.056,10,295.92,265.92,325.92,s,1000,targets.csv,434046907,24404437,71,109273424,266.571991,5623,6357.5,6357.5,1469,"266.57,285.77",56237092,-4.281412258,-3.530870937,-2.780329615,0,1.13611E+11,14.3850956
test/Sample_80,Sample_3,N-Acetyl-L-Glutamate,188.056,10,295.92,265.92,325.92,s,1000,targets.csv,104132613.5,6189326,70,26663204,301.3320007,6923,6923,6923,0,301.33,6923,-5.194232785,-5.194232785,-5.194232785,0,1.02594E+11,14.34632301
test/Sample_81,Std_1,N-Acetyl-L-Glutamate,188.056,10,295.92,265.92,325.92,s,1000,targets.csv,13596661126,716738240,101,737348928,272.1740112,22562,48155984,134620407.2,3638494,"265.95,266.47,268.02,269.06,269.58,270.1,270.62,271.14,272.17,274.25,274.77,275.29,276.84,277.36,277.88,279.44,279.95,280.99,281.51,283.07,283.59,284.62,285.14,285.66,286.18,286.7,287.22,287.74,288.26,288.77,289.29,289.81,290.33,290.85,291.37,291.89,292.41,292.92,293.44,293.96,294.48,295.0,295.52,296.04,296.56,297.08,297.59,298.11,298.63,299.15,299.67,300.19,300.71,301.23,301.74,302.26,302.78,303.3,303.82,304.34,304.86,305.38,305.89,306.41,306.93,307.45,307.97,308.49,309.01,309.52,310.04,310.56,311.08,311.6,312.12,312.64,313.16,313.67,314.19,314.71,315.23,315.75,316.27,316.79,317.31,317.83,318.34,318.86,319.38,319.9,320.42,320.94,321.46,321.98,322.49,323.01,323.53,324.05,324.57,325.09,325.61","41699,64671,54813,43941,36535,55622,60172,29585,31612,34334,44928,65672,41534,30944,40786,37007,28115,22562,23068,54413,39522,58793,30292,67010,302153,3287454,23214882,115058464,278125440,403715264,477820192,680861824,727255040,716340352,737348928,696525440,627584576,615467264,560552384,593773184,434105056,408326560,394787616,355507392,320485760,298242656,265689888,237107184,224942768,198167728,195304992,157130576,156056256,144222064,135856944,113049168,116535536,104469840,103839480,112429456,102246296,82094944,88975784,86300824,90021112,82644536,94097032,96828192,88807024,92105072,78222064,72525536,77240168,74022464,69917432,65731224,57520336,48155984,41820088,37459608,33279546,27570060,27866982,28264140,24771390,27468250,22660186,25912154,26494240,26349630,16735876,10842580,6746685,4657589,4601026,3711512,3464218,3512149,3314481,3495128,3680193",1.783773018,1.864912621,2.027191825,0,4.2882E+11,9.653215408
test/Sample_82,Std_2,N-Acetyl-L-Glutamate,188.056,10,295.92,265.92,325.92,s,1000,targets.csv,3023229263,184230933,75,218546848,311.07901,12225,13276653,40309723.51,2148228,"282.03,287.73,288.25,288.77,289.29,289.81,290.33,290.85,291.37,291.88,292.4,292.92,293.44,293.96,294.48,295.0,295.52,296.04,296.55,297.07,297.59,298.11,298.63,299.15,299.67,300.18,300.7,301.22,301.74,302.26,302.78,303.3,303.82,304.33,304.85,305.37,305.89,306.41,306.93,307.45,307.97,308.48,309.0,309.52,310.04,310.56,311.08,311.6,312.12,312.64,313.15,313.67,314.19,314.71,315.23,315.75,316.27,316.79,317.3,317.82,318.34,318.86,319.38,319.9,320.42,320.94,321.45,321.97,322.49,323.01,323.53,324.05,324.57,325.09,325.6","12225,24890,101373,416722,2280206,9035358,29023664,66212668,91597368,136648544,138543184,185983600,166967936,218546848,167178016,163589856,149627648,139641616,116792008,107949144,93093136,91162824,72475696,70107168,57762336,47991632,44577564,46971456,42432776,35181780,33273304,31579284,28302460,24998432,27978332,22937948,19681140,18350344,16165662,16952464,15658683,14914831,15388494,11964389,13122669,12998913,13276653,12352276,11759342,12737601,11671345,11184669,9543730,10292085,10193114,8212330,8329815,7243143,6806929,7263868,6552876,5385417,6085096,5594990,4942036,4887355,5046810,3721419,4078792,3869677,3828886,4140116,3218170,2653679,2160453",1.783773018,1.864912621,1.946052223,0,2.08538E+11,10.40876198
test/Sample_83,Std_3,N-Acetyl-L-Glutamate,188.056,10,295.92,265.92,325.92,s,1000,targets.csv,868093814,48808874,73,53326408,307.9679871,20349,4167269,11891696.08,968562,"288.26,288.77,289.29,289.81,290.33,290.85,291.37,291.89,292.4,292.92,293.44,293.96,294.48,295.0,295.52,296.04,296.55,297.07,297.59,298.11,298.63,299.15,299.67,300.19,300.7,301.22,301.74,302.26,302.78,303.3,303.82,304.34,304.86,305.37,305.89,306.41,306.93,307.45,307.97,308.49,309.01,309.52,310.04,310.56,311.08,311.6,312.12,312.64,313.16,313.67,314.19,314.71,315.23,315.75,316.27,316.79,317.31,317.83,318.34,318.86,319.38,319.9,320.42,320.94,321.46,321.98,322.49,323.01,323.53,324.05,324.57,325.09,325.61","20349,49171,256980,1179715,3231320,8143296,16707153,26971986,34192224,46322728,48227776,49501548,50667696,50905604,53326408,42194612,38828148,37402912,33648128,26784554,27899878,21283068,18958138,16776230,14303881,13601355,12445602,11633794,10045348,9445846,8819737,7793246,7521108,6306387,6288374,5465862,5231179,4842446,4536200,4167269,4757632,3641926,4427311,4043278,4006693,3812007,3555078,4111618,3634210,3313225,3368880,3138648,2875489,2904627,2544947,2508815,2158821,2276756,1977222,1905065,1969135,1678005,1539969,1466655,1350235,1389539,1214361,1229191,1236922,1044831,1084285,1012271,988911",1.702633416,1.702633416,1.864912621,0,1.44124E+11,10.79720497
test/Sample_84,Std_4,N-Acetyl-L-Glutamate,188.056,10,295.92,265.92,325.92,s,1000,targets.csv,208265227,12378652,71,13157806,306.9309998,11885,1067848,2933313.056,192821,"289.29,289.81,290.33,290.85,291.37,291.89,292.41,292.92,293.44,293.96,294.48,295.0,295.52,296.04,296.56,297.08,297.59,298.11,298.63,299.15,299.67,300.19,300.71,301.23,301.74,302.26,302.78,303.3,303.82,304.34,304.86,305.38,305.89,306.41,306.93,307.45,307.97,308.49,309.01,309.52,310.04,310.56,311.08,311.6,312.12,312.64,313.16,313.67,314.19,314.71,315.23,315.75,316.27,316.79,317.31,317.83,318.34,318.86,319.38,319.9,320.42,320.94,321.46,321.98,322.49,323.01,323.53,324.05,324.57,325.09,325.61","11885,37120,195203,655807,1747591,3181879,4668061,8216087,9588065,11129025,13157806,12849127,11945563,11811975,11307423,9675611,9433554,7797138,6529458,6054299,5455378,5255175,4264609,3806738,3513050,2952470,2914864,2341379,2467305,2074913,2134618,1755541,1688373,1502751,1545066,1286733,1186702,1138731,1084955,1014733,1019126,1067848,942965,815312,828362,965122,862076,991639,940237,886189,833430,775169,705657,595441,567551,586796,579283,587000,507930,447782,406025,328251,376243,374755,285933,356367,297511,233388,264025,256347,204706",1.946052223,2.027191825,2.108331428,0,1.18315E+11,10.86196327
test/Sample_85,Std_5,N-Acetyl-L-Glutamate,188.056,10,295.92,265.92,325.92,s,1000,targets.csv,58791342,3677119,70,3898205,318.3420105,5444,274708.5,839876.3143,55514,"276.84,290.33,290.85,291.37,291.89,292.4,292.92,293.44,293.96,294.48,295.0,295.52,296.04,296.55,297.07,297.59,298.11,298.63,299.15,299.67,300.18,300.7,301.22,301.74,302.26,302.78,303.3,303.82,304.33,304.85,305.37,305.89,306.41,306.93,307.45,307.97,308.48,309.0,309.52,310.04,310.56,311.08,311.6,312.12,312.64,313.15,313.67,314.19,314.71,315.23,315.75,316.27,316.79,317.3,317.82,318.34,318.86,319.38,319.9,320.42,320.94,321.45,321.97,322.49,323.01,323.53,324.05,324.57,325.09,325.61","5444,18387,60585,212407,500826,944777,1570861,2230519,2572698,3527170,3898205,3605984,3807101,3240960,3290370,2709892,2731015,2269199,2013944,1546383,1720944,1459893,1305242,1072318,921314,914404,721089,738497,552337,506810,546239,439879,410362,449335,342785,323807,316573,276793,272624,219468,220118,207142,207883,276905,246075,197113,255339,212966,196313,206687,190190,224412,183412,157303,147723,119897,102871,130974,109038,116304,96755,99267,72182,90776,94018,76465,65583,87559,71674,60958",1.722918317,1.783773018,1.946052223,0,1.12192E+11,10.88867378
test/Sample_86,Std_6,N-Acetyl-L-Glutamate,188.056,10,295.92,265.92,325.92,s,1000,targets.csv,17215647,1118768,70,1186090,318.3439941,6463,76606.5,245937.8143,13799,"289.81,290.33,290.85,291.37,291.89,292.4,292.92,293.44,293.96,294.48,295.0,295.52,296.04,296.56,297.07,297.59,298.11,298.63,299.15,299.67,300.19,300.71,301.23,301.74,302.26,302.78,303.3,303.82,304.34,304.86,305.38,305.89,306.41,306.93,307.45,307.97,308.49,309.01,309.52,310.04,310.56,311.08,311.6,312.12,312.64,313.16,313.67,314.19,314.71,315.23,315.75,316.27,316.79,317.31,317.83,318.34,318.86,319.38,319.9,320.42,320.94,321.46,321.98,322.49,323.01,323.53,324.05,324.57,325.09,325.61","6463,9672,34147,78036,201523,340088,598707,762201,938835,1044512,1051557,1142979,1186090,1027236,908760,936027,777861,617337,552942,456870,406961,317619,302213,251685,220807,215658,173881,156894,194596,146472,112908,102669,94771,96835,103230,93754,91579,70709,65841,60548,64718,64700,72237,82524,75177,58288,43931,72229,45907,54782,43867,45724,40752,47587,30520,41555,32728,31869,36382,38922,30040,33563,41513,19382,18758,9658,18917,28065,19617,20262",2.027191825,2.108331428,2.270610633,0,1.10613E+11,10.85653114
test/Sample_87,Std_7,N-Acetyl-L-Glutamate,188.056,10,295.92,265.92,325.92,s,1000,targets.csv,5286345,354731,67,393919,306.4119873,6853,24683,78900.67164,891,"290.33,290.85,291.37,291.89,292.4,292.92,293.44,293.96,294.48,295.0,295.52,296.04,296.55,297.07,297.59,298.11,298.63,299.15,299.67,300.19,300.7,301.22,301.74,302.26,302.78,303.3,303.82,304.34,304.86,305.37,305.89,306.41,306.93,307.45,307.97,308.49,309.01,309.52,310.04,310.56,311.08,311.6,312.12,312.64,313.16,313.67,314.19,314.71,315.23,315.75,316.27,316.79,317.31,317.83,318.34,318.86,319.38,320.42,320.94,321.46,321.98,322.49,323.01,323.53,324.05,324.57,325.61","8304,6853,24230,42425,98499,131720,245179,272025,322213,325224,393919,345050,350872,239899,257695,216322,226205,167295,149489,108825,102559,113352,83912,78936,73661,57717,52540,35036,37821,40171,48157,34234,33695,21070,28968,26998,19444,22201,17142,23253,23003,10469,11246,29672,22493,22815,19717,15680,16828,24683,11305,18913,11027,7820,9480,19046,22859,8644,11771,18671,11533,7877,11689,12749,7681,8151,7413",1.783773018,1.946052223,2.18947103,0,1.09563E+11,10.93778419
test/Sample_88,Std_8,N-Acetyl-L-Glutamate,188.056,10,295.92,265.92,325.92,s,1000,targets.csv,2650721,147179,61,170888,315.2309875,6320,18011,43454.44262,4584,"291.37,291.89,292.41,292.92,293.44,293.96,294.48,295.0,295.52,296.04,296.56,297.07,297.59,298.11,298.63,299.15,299.67,300.19,300.71,301.23,301.74,302.26,302.78,303.3,303.82,304.34,304.86,305.38,305.89,306.41,306.93,307.45,307.97,308.49,309.01,309.52,310.04,310.56,311.08,311.6,312.12,312.64,313.16,313.67,314.19,314.71,315.23,315.75,316.27,316.79,317.31,318.34,319.38,319.9,320.42,320.94,321.46,323.01,323.53,324.05,324.57","10904,18011,31685,52724,76017,100197,115319,170888,155330,146903,150980,157372,114931,117557,129646,100106,86875,70473,69903,46137,45004,40711,56751,50722,33160,24059,40180,31036,19093,15435,25422,16296,22595,10361,15650,16912,14773,10468,17175,17213,12869,19482,11109,8243,16056,10280,16302,10214,7443,7590,8356,8610,8378,12270,7492,7352,6936,6342,7453,6650,6320",1.540354211,1.702633416,1.864912621,0,1.09381E+11,10.95144081
test/Sample_89,Sample_1,Pantothenate,218.103,10,203.04,173.04,233.04,s,1000,targets.csv,922081,40561,38,54304,193.9499969,10633,22231.5,24265.28947,2221,"180.98,181.5,184.61,187.21,188.76,189.28,189.8,190.84,192.91,193.95,194.99,195.51,196.02,196.54,198.62,200.18,200.69,201.73,202.77,204.32,204.84,205.88,206.4,207.44,207.96,208.99,209.51,210.03,211.07,211.59,213.14,222.48,225.08,226.11,230.26,230.78,232.34,232.86",1.5298E+189,-2.305787495,-1.833548111,-1.553702551,0,5.18037E+11,10.76921272
test/Sample_90,Sample_2,Pantothenate,218.103,10,203.04,173.04,233.04,s,1000,targets.csv,75503,11422,9,14572,211.5780029,5290,7419,8389.222222,3311,"189.27,196.53,197.57,202.76,203.28,210.02,211.06,211.58,232.33",5.29059E+37,-3.372698693,-3.092853133,-2.603123402,0,2.30506E+11,12.7777195
test/Sample_91,Sample_3,Pantothenate,218.103,10,203.04,173.04,233.04,s,1000,targets.csv,11406,3802,2,6148,193.4219971,5258,5703,5703,890,"193.42,211.58",52586148,1.577069655,1.699502088,1.821934521,0,1.49493E+11,15.05696297
test/Sample_92,Std_1,Pantothenate,218.103,10,203.04,173.04,233.04,s,1000,targets.csv,2106207690,45208409,117,48102776,195.9149933,1332190,14853983,18001775.13,9520294,"173.09,173.61,174.13,174.65,175.16,175.68,176.2,176.72,177.24,177.76,178.28,178.79,179.31,179.83,180.35,180.87,181.39,181.91,182.43,182.95,183.46,183.98,184.5,185.02,185.54,186.06,186.58,187.1,187.61,188.13,188.65,189.17,189.69,190.21,190.73,191.25,191.76,192.28,192.8,193.32,193.84,194.36,194.88,195.4,195.91,196.43,196.95,197.47,197.99,198.51,199.03,199.55,200.07,200.58,201.1,201.62,202.14,202.66,203.18,203.7,204.21,204.73,205.25,205.77,206.29,206.81,207.33,207.85,208.37,208.88,209.4,209.92,210.44,210.96,211.48,212.0,212.51,213.03,213.55,214.07,214.59,215.11,215.63,216.15,216.66,217.18,217.7,218.22,218.74,219.26,219.78,220.3,220.82,221.33,221.85,222.37,222.89,223.41,223.93,224.45,224.97,225.48,226.0,226.52,227.04,227.56,228.08,228.6,229.12,229.63,230.15,230.67,231.19,231.71,232.23,232.75","1732017,1688004,1603243,1709174,1947643,1975798,1994116,2634784,2603280,2367174,2566024,2759034,3034729,2948876,3806685,3199991,4013849,3615986,3776067,4385292,4719633,4163017,5106245,4580847,4607456,5573330,6454062,5515980,6357154,6059670,8757432,6966548,7751638,8839908,10550032,11025568,12156533,13510563,13683795,14035406,16149157,18405082,21835078,23132584,24441186,22643182,28146402,31416218,27714646,25377170,30399126,31987740,24534464,29209650,28368340,27455066,30605688,28931046,29635962,30305720,31559248,30018594,30286964,28671108,32025670,29047446,33504952,28734346,30434028,28788392,32563784,44511984,45784492,46935460,46140556,48102776,41381896,41111792,42083528,34183952,33817832,33263650,32830746,29412688,26421308,23582838,22585110,23629300,23526906,21835088,24655956,16923756,20350828,21990990,17407418,16299646,14853983,16211535,13688873,14986928,13261838,11931595,13290658,12866690,10702285,11959228,12049182,11917646,12415929,10479483,11214597,9815738,10329873,11569124,10202886,11252311",1.314714443,1.384675833,1.454637223,0,4.2882E+11,9.653215408
test/Sample_93,Std_2,Pantothenate,218.103,10,203.04,173.04,233.04,s,1000,targets.csv,448392987,8358149,116,8779231,177.2359924,24192,3857960.5,3865456.784,2638651,"173.09,173.6,174.12,174.64,175.16,175.68,176.2,176.72,177.24,177.76,178.27,178.79,179.31,179.83,180.35,180.87,181.39,181.9,182.42,182.94,183.46,183.98,184.5,185.02,185.54,186.06,186.57,187.09,187.61,188.13,188.65,189.17,189.69,190.21,190.73,191.24,191.76,192.28,192.8,193.32,193.84,194.36,194.88,195.39,195.91,196.43,196.95,197.47,197.99,198.51,199.02,199.54,200.06,200.58,201.1,201.62,202.14,202.66,203.18,203.69,204.21,204.73,205.25,205.77,206.29,206.81,207.32,207.84,208.36,208.88,209.4,209.92,210.44,210.96,211.48,211.99,212.51,213.03,213.55,214.07,214.59,215.11,215.62,216.14,216.66,217.18,217.7,218.22,218.74,219.26,219.78,220.29,220.81,221.33,221.85,222.37,222.89,223.41,223.93,224.45,224.96,225.48,226.0,226.52,227.04,227.56,228.08,228.6,229.11,229.63,230.15,230.67,231.19,231.71,232.23,232.74","24192,52678,71139,64827,78189,103783,97061,131395,108314,89643,119181,139241,134421,186756,174796,241703,154538,233621,164328,292811,180598,308120,316002,397683,433150,371630,399651,377988,398047,606367,562775,531800,817023,887683,913934,1271165,1138133,1727809,1360644,1838593,1960395,2370552,2380558,3063104,3086600,3423441,3752001,3851832,4362677,5175355,5067591,5390939,6860633,5713774,6739988,7104882,7413282,7675392,6871385,7401187,7770492,8147389,7264379,7868690,8616467,7707742,7885603,7418455,8659417,8779231,7635800,7482758,8505402,7635720,8416850,7590836,7779163,8772076,7291212,7592770,6550508,8406238,7606433,7172186,6105861,5870811,5480558,6562926,6191093,5176650,5488443,4818774,5246739,5034837,5259722,4886636,6236428,4483536,4577037,4630196,4156074,4166268,4020330,3864089,3620150,3876834,3483365,3976654,3296947,3415006,3605833,2773161,3170929,3043910,3487550,2662843",1.174791662,1.244753052,1.314714443,0,2.08538E+11,10.40876198
test/Sample_94,Std_3,Pantothenate,218.103,10,203.04,173.04,233.04,s,1000,targets.csv,136271628,2566050,115,2752957,174.1260071,8980,1274242,1184970.678,843722,"173.61,174.13,174.65,175.16,175.68,176.2,176.72,177.24,177.76,178.28,178.79,179.31,179.83,180.35,180.87,181.39,181.91,182.43,182.95,183.46,183.98,184.5,185.02,185.54,186.06,186.58,187.1,187.61,188.13,188.65,189.17,189.69,190.21,190.73,191.24,191.76,192.28,192.8,193.32,193.84,194.36,194.88,195.4,195.91,196.43,196.95,197.47,197.99,198.51,199.03,199.54,200.06,200.58,201.1,201.62,202.14,202.66,203.18,203.7,204.21,204.73,205.25,205.77,206.29,206.81,207.33,207.85,208.37,208.88,209.4,209.92,210.44,210.96,211.48,212.0,212.51,213.03,213.55,214.07,214.59,215.11,215.63,216.15,216.66,217.18,217.7,218.22,218.74,219.26,219.78,220.3,220.82,221.33,221.85,222.37,222.89,223.41,223.93,224.45,224.96,225.48,226.0,226.52,227.04,227.56,228.08,228.6,229.12,229.63,230.15,230.67,231.19,231.71,232.23,232.75","14440,16095,10811,8980,16659,23038,21147,28730,23262,29025,36041,33652,20925,33458,25866,30118,44031,46264,68190,63352,66873,98625,88254,91588,116018,153064,128304,147647,140071,185942,243503,220815,258202,358332,391640,435032,550608,593610,590545,736307,829973,994361,918575,1084475,1274242,1151179,1481984,1332097,1592523,1566130,1468579,1640144,1576019,1777409,1816922,2149952,1833995,2391227,2250321,2276375,2285667,2293040,2363740,2379164,2437778,2247134,2430326,2476072,2398661,2359215,2752957,2585980,2597251,2704217,2273750,2316871,2015964,2215474,2155815,2054780,2021960,1940010,1993040,1923264,2594270,1973632,1931961,1571221,2048447,1591041,1557695,1674379,1679520,1622206,1399372,1345735,1335725,1239541,1465722,1269536,1480665,1291581,1446618,1060059,1360477,1207561,1367078,1005372,1126967,1072402,911008,1053524,1093394,819081,858162",1.104830272,1.174791662,1.314714443,0,1.44124E+11,10.79720497
test/Sample_95,Std_4,Pantothenate,218.103,10,203.04,173.04,233.04,s,1000,targets.csv,28902536,574873,106,623323,177.2389984,7355,276818,272665.434,188748,"176.72,177.24,178.28,178.79,179.83,180.35,181.39,181.91,182.43,182.95,183.46,183.98,184.5,185.02,185.54,186.06,186.58,187.1,187.61,188.13,188.65,189.17,189.69,190.21,190.73,191.25,191.76,192.28,192.8,193.32,193.84,194.36,194.88,195.4,195.91,196.43,196.95,197.47,197.99,198.51,199.03,199.55,200.07,200.58,201.1,201.62,202.14,202.66,203.18,203.7,204.21,204.73,205.25,205.77,206.29,206.81,207.33,207.85,208.37,208.88,209.4,209.92,210.44,210.96,211.48,212.0,212.51,213.03,213.55,214.07,214.59,215.11,215.63,216.15,216.66,217.18,217.7,218.22,218.74,219.26,219.78,220.3,220.82,221.33,221.85,222.37,222.89,223.41,223.93,224.45,224.97,225.48,226.0,226.52,227.04,227.56,228.08,228.6,229.12,229.63,230.15,230.67,231.19,231.71,232.23,232.75","10109,7549,7355,11782,12356,13106,22045,11658,20051,17115,20467,11984,20457,12295,23443,25672,36983,26464,30033,43620,37140,34702,51539,61264,64178,97327,63378,68470,79747,115787,103284,126936,154109,193544,198508,195299,212551,259535,241533,312098,288279,316250,302224,333597,375898,533724,443121,404678,440006,501265,461483,470913,510164,479697,519354,479988,553938,481572,512263,529786,480436,491603,606804,623323,494494,594144,515281,507315,464550,438589,444447,444251,509996,431156,428421,497090,487350,441112,361987,378162,372412,369531,353175,380048,319770,274888,341483,349134,285355,313018,297546,285991,254109,260985,278523,274204,226225,275113,218200,252649,218209,229274,221978,181497,236178,198857",1.174791662,1.314714443,1.384675833,0,1.18315E+11,10.86196327
test/Sample_96,Std_5,Pantothenate,218.103,10,203.04,173.04,233.04,s,1000,targets.csv,7640368,156176,92,163076,191.2440033,7296,86974.5,83047.47826,42118,"182.43,183.46,184.5,186.57,187.09,187.61,188.65,189.17,189.69,190.21,190.73,191.24,191.76,192.28,192.8,193.32,193.84,194.36,194.88,195.39,195.91,196.43,196.95,197.47,197.99,198.51,199.02,199.54,200.06,200.58,201.1,201.62,202.14,202.66,203.18,203.69,204.21,204.73,205.25,205.77,206.29,206.81,207.33,207.84,208.36,208.88,209.4,209.92,210.44,210.96,211.48,211.99,212.51,213.03,213.55,214.07,214.59,215.11,215.63,216.15,216.66,217.18,217.7,218.22,218.74,219.26,219.78,220.29,220.81,221.33,221.85,222.37,222.89,223.41,223.93,224.45,224.96,225.48,226.0,226.52,227.04,227.56,228.08,228.6,229.11,229.63,230.15,230.67,231.19,231.71,232.23,232.74","7296,10720,11138,10980,16959,7987,11522,7745,8087,11729,12748,12272,18569,11415,22225,26919,30103,44204,33465,62733,51525,54030,75396,50147,85187,85457,89870,74119,74273,88250,105963,94343,97799,130538,103958,121711,130216,96374,133016,118259,146283,130278,115400,118607,153237,157833,119893,152585,163076,152868,138444,141120,133398,138867,132822,160455,129861,119074,101350,100099,105636,130993,137558,94616,92242,96735,107555,115147,123480,96321,85699,73410,84257,89424,112089,76721,65199,95964,72260,84604,94958,77934,62808,57796,60798,40239,55858,70764,70557,54826,59709,49414",1.104830272,1.174791662,1.384675833,0,1.12192E+11,10.88867378
test/Sample_97,Std_6,Pantothenate,218.103,10,203.04,173.04,233.04,s,1000,targets.csv,2084569,55476,80,74021,196.9519958,7355,25077.5,26057.1125,11870,"187.61,190.21,192.28,192.8,193.32,193.84,194.88,195.4,195.91,196.43,196.95,197.47,197.99,198.51,199.03,199.55,200.07,200.58,201.1,201.62,202.14,202.66,203.18,203.7,204.21,204.73,205.25,205.77,206.29,206.81,207.33,207.85,208.37,208.88,209.4,209.92,210.44,210.96,211.48,212.0,212.51,213.03,213.55,214.07,214.59,215.11,215.63,216.15,216.66,217.18,217.7,218.22,218.74,219.26,219.78,220.3,220.82,221.33,221.85,222.37,222.89,223.41,223.93,224.45,224.97,225.48,226.0,226.52,227.04,227.56,228.08,228.6,229.12,229.63,230.15,230.67,231.19,231.71,232.23,232.75","7355,10816,8469,14000,9304,8170,7708,14186,14432,14523,23585,13205,25658,26868,24625,19293,21046,20039,31414,31089,25023,32269,44469,40428,34243,29995,36082,43186,25337,35826,36057,29160,24888,42204,74021,50205,38451,29259,32210,28945,42553,39375,29825,25132,34336,38853,35961,37685,35091,24897,29653,23709,24683,28607,24409,23371,20819,33962,27213,20935,26316,24309,23520,19721,26138,16349,25630,29198,21043,25394,13718,13629,17280,23598,13096,14338,9344,21800,21811,19225",1.314714443,1.524598613,1.734482783,0,1.10613E+11,10.85653114
test/Sample_98,Std_7,Pantothenate,218.103,10,203.04,173.04,233.04,s,1000,targets.csv,436138,11309,43,20831,197.9889984,5773,9711,10142.74419,4027,"193.84,194.88,195.4,197.99,199.54,200.58,201.1,201.62,202.14,203.7,204.21,204.73,205.25,205.77,206.29,207.33,207.85,208.36,209.4,209.92,210.44,210.96,211.48,212.0,212.51,213.03,213.55,214.07,214.59,215.63,217.18,217.7,218.22,218.74,219.26,219.78,221.85,222.89,223.41,224.45,226.0,229.12,229.63",5.7738E+191,0.894946102,1.174791662,1.454637223,0,1.09563E+11,10.93778419
test/Sample_99,Std_8,Pantothenate,218.103,10,203.04,173.04,233.04,s,1000,targets.csv,99593,6066,12,11475,216.1470032,6493,7674.5,8299.416667,4982,"201.1,202.66,203.18,204.73,206.29,210.44,212.0,214.07,216.15,216.66,219.78,221.85",1.14757E+49,1.104830272,1.314714443,1.699502088,0,1.09381E+11,10.95144081
test/Sample_100,Sample_1,Taurine,124.007,10,427.74,397.74,457.74,s,1000,targets.csv,353171290,18531842.5,82,20009744,415.3529968,17530,706628.5,2400071.72,21754,"415.35,415.87,416.39,416.91,417.43,417.95,418.47,418.98,419.5,420.02,420.54,421.06,421.58,422.1,422.62,423.14,423.65,424.17,424.69,425.21,425.73,426.25,426.77,427.29,427.8,428.32,428.84,429.36,429.88,430.4,430.92,431.43,431.95,432.47,432.99,433.51,434.03,434.55,435.07,435.58,436.1,436.62,437.14,437.66,438.18,438.7,439.22,439.73,440.25,440.77,441.29,441.81,442.33,442.85,443.37,443.89,444.4,444.92,445.44,445.96,446.48,447.0,447.52,448.04,448.55,449.07,449.59,450.11,450.63,451.15,451.67,452.19,452.7,453.22,453.74,454.26,454.78,455.3,455.82,456.34,456.86,457.37","39360,195158,709905,1989551,4179819,6568149,8828015,9553653,11062891,11162675,10868172,10181858,11148651,10063410,8082590,7735661,6660897,6548281,5823189,6068906,5131194,4471450,4108366,3496223,3374311,3510547,3001335,2893680,2383462,2247103,2064187,1870465,1791195,1618973,1455951,1349369,1267619,1081177,1106565,945752,887734,757382,751222,703352,665479,531671,539069,526208,431985,435199,380840,341074,337402,261213,257908,245955,223452,205167,174366,138782,139252,142795,108829,94345,108648,81902,81142,75554,66335,69244,49836,49109,48817,22588,38848,37915,36516,29325,23784,30786,17530,17606",2.368424136,2.429948038,2.491471941,0,1.44124E+11,10.79720497
test/Sample_101,Sample_2,Taurine,124.007,10,427.74,397.74,457.74,s,1000,targets.csv,98402940.5,5515623,80,5581337.5,454.7799988,4838,149079.5,577993.8,14381,"415.35,415.87,416.39,416.91,417.43,417.95,418.47,418.98,419.5,420.02,420.54,421.06,421.58,422.1,422.62,423.14,423.65,424.17,424.69,425.21,425.73,426.25,426.77,427.29,427.8,428.32,428.84,429.36,429.88,430.4,430.92,431.44,431.95,432.47,432.99,433.51,434.03,434.55,435.07,435.59,436.11,436.62,437.14,437.66,438.18,438.7,439.22,439.74,440.26,440.77,441.29,441.81,442.33,442.85,443.37,443.89,444.4,444.92,445.44,445.96,446.48,447.0,447.52,448.04,448.55,449.07,449.59,450.11,450.63,451.15,451.67,452.19,452.7,453.22,453.74,454.26,454.78,455.3,455.82,456.34","20658,72653,297601,741489,1321043,1764642,2270351,2686763,2585476,2665596,2686231,2556784,2252268,2202260,2074607,1539424,1521389,1574884,1348398,1336408,1161508,935637,918386,822085,806417,682328,705181,627324,562235,514740,445592,443439,414000,383898,321292,238049,213642,196716,214635,185742,137766,153278,172984,144881,115951,103854,94968,90496,78109,56760,58819,64221,50229,45773,50635,34665,47169,31363,32029,32569,27838,24870,26704,21788,21163,32054,30566,17686,14763,14565,12193,13011,20435,7397,7066,12601,7343,4838,8056,6277",2.306900234,2.491471941,2.614519745,0,1.18315E+11,10.86196327
test/Sample_102,Sample_3,Taurine,124.007,10,427.74,397.74,457.74,s,1000,targets.csv,23119752,1257098,68,1343381.5,415.3519897,4398,56149,185131.9706,955,"415.35,415.87,416.39,416.91,417.43,417.95,418.46,418.98,419.5,420.02,420.54,421.06,421.58,422.1,422.61,423.13,423.65,424.17,424.69,425.21,425.73,426.25,426.77,427.28,427.8,428.32,428.84,429.36,429.88,430.4,430.92,431.43,431.95,432.47,432.99,433.51,434.03,434.55,435.07,435.58,436.1,436.62,437.14,437.66,438.18,438.7,439.21,439.73,440.25,440.77,441.29,441.81,442.33,442.85,443.36,443.88,444.4,444.92,445.44,445.96,446.48,447.0,447.52,448.03,448.55,450.11,450.63,451.15","6140,7288,40884,137427,259952,500485,561774,671642,780821,818068,790612,786771,738814,619733,632400,563059,485444,446935,369489,322555,273084,235496,262757,192767,184701,186709,150177,143365,108901,110822,82293,87558,101929,80810,65987,73081,44234,52157,60141,45943,45491,34427,48688,32173,29532,31441,18273,24128,23206,20177,17220,12085,15533,18661,20094,5245,14504,8007,8847,13253,12710,4398,5988,14778,4854,10196,6675,5185",2.368424136,2.522233892,2.62990072,0,1.12192E+11,10.88867378
test/Sample_103,Std_1,Taurine,124.007,10,427.74,397.74,457.74,s,1000,targets.csv,2759754175,122446704,84,137382528,414.3160095,24584,12766900,32854216.37,584760,"414.32,414.83,415.35,415.87,416.39,416.91,417.43,417.95,418.47,418.98,419.5,420.02,420.54,421.06,421.58,422.1,422.62,423.14,423.65,424.17,424.69,425.21,425.73,426.25,426.77,427.29,427.8,428.32,428.84,429.36,429.88,430.4,430.92,431.44,431.95,432.47,432.99,433.51,434.03,434.55,435.07,435.59,436.11,436.62,437.14,437.66,438.18,438.7,439.22,439.74,440.26,440.77,441.29,441.81,442.33,442.85,443.37,443.89,444.4,444.92,445.44,445.96,446.48,447.0,447.52,448.04,448.55,449.07,449.59,450.11,450.63,451.15,451.67,452.19,452.7,453.22,453.74,454.26,454.78,455.3,455.82,456.34,456.86,457.37","24584,81998,701136,3685756,12868609,31538358,55968248,85359200,92023600,106786808,117337976,120670792,137382528,109286792,133006864,111974576,100881320,99191712,76917192,82482264,79519600,73085008,74029216,74329984,62827848,59442860,60060792,57288092,54267516,45573808,48727156,43318940,37719612,35765904,38194112,30493394,29223546,24469638,23685510,22094380,20323870,19088904,17171786,15135837,14860404,13611431,12665191,11220372,10810650,10119194,9593612,9025656,8775102,8489593,9002197,8829707,9769988,9627113,8966210,8683647,8025182,7228637,6813893,5414533,5111808,4132705,4118781,3768350,3491851,3021191,2625662,2446546,2347492,2047138,1875968,1500103,1371789,1293081,1150496,950433,947144,803459,600896,609344",2.368424136,2.429948038,2.506852916,0,4.2882E+11,9.653215408
test/Sample_104,Std_2,Taurine,124.007,10,427.74,397.74,457.74,s,1000,targets.csv,706342580,37063685,83,40019488,414.8330078,32118,2789987,8510151.566,37701,"414.83,415.35,415.87,416.39,416.91,417.43,417.95,418.46,418.98,419.5,420.02,420.54,421.06,421.58,422.1,422.61,423.13,423.65,424.17,424.69,425.21,425.73,426.24,426.76,427.28,427.8,428.32,428.84,429.36,429.88,430.4,430.91,431.43,431.95,432.47,432.99,433.51,434.03,434.55,435.07,435.58,436.1,436.62,437.14,437.66,438.18,438.7,439.21,439.73,440.25,440.77,441.29,441.81,442.33,442.85,443.36,443.88,444.4,444.92,445.44,445.96,446.48,447.0,447.52,448.03,448.55,449.07,449.59,450.11,450.63,451.15,451.67,452.18,452.7,453.22,453.74,454.26,454.78,455.3,455.82,456.33,456.85,457.37","32118,175295,996646,3259134,8492574,15996731,22010168,28375660,34731968,34483008,40019488,36688560,38851728,35653032,34578424,29569380,28411850,23314836,21595514,20968326,19752702,18317282,15818949,14504454,13543451,13980453,12422024,11338757,10089492,9560414,8343694,7629001,6836995,7800349,6013711,5668256,5498793,4916402,4383455,4305434,3722103,3940121,3035803,2789987,2696869,2846993,2282947,2132038,1871536,1930048,1637356,1479446,1471790,1229864,1301366,1109536,1034184,1111498,982226,908349,841996,865633,690357,681823,551480,539515,388806,395795,414288,387709,319836,255627,255453,214393,198627,146520,172059,122404,115720,107414,94099,70639,69819",2.491471941,2.552995843,2.614519745,0,2.08538E+11,10.40876198
test/Sample_105,Std_3,Taurine,124.007,10,427.74,397.74,457.74,s,1000,targets.csv,196805881,11031246,82,11162675,415.3529968,17530,706628.5,2400071.72,21754,"415.35,415.87,416.39,416.91,417.43,417.95,418.47,418.98,419.5,420.02,420.54,421.06,421.58,422.1,422.62,423.14,423.65,424.17,424.69,425.21,425.73,426.25,426.77,427.29,427.8,428.32,428.84,429.36,429.88,430.4,430.92,431.43,431.95,432.47,432.99,433.51,434.03,434.55,435.07,435.58,436.1,436.62,437.14,437.66,438.18,438.7,439.22,439.73,440.25,440.77,441.29,441.81,442.33,442.85,443.37,443.89,444.4,444.92,445.44,445.96,446.48,447.0,447.52,448.04,448.55,449.07,449.59,450.11,450.63,451.15,451.67,452.19,452.7,453.22,453.74,454.26,454.78,455.3,455.82,456.34,456.86,457.37","39360,195158,709905,1989551,4179819,6568149,8828015,9553653,11062891,11162675,10868172,10181858,11148651,10063410,8082590,7735661,6660897,6548281,5823189,6068906,5131194,4471450,4108366,3496223,3374311,3510547,3001335,2893680,2383462,2247103,2064187,1870465,1791195,1618973,1455951,1349369,1267619,1081177,1106565,945752,887734,757382,751222,703352,665479,531671,539069,526208,431985,435199,380840,341074,337402,261213,257908,245955,223452,205167,174366,138782,139252,142795,108829,94345,108648,81902,81142,75554,66335,69244,49836,49109,48817,22588,38848,37915,36516,29325,23784,30786,17530,17606",2.368424136,2.429948038,2.491471941,0,1.44124E+11,10.79720497
test/Sample_106,Std_4,Taurine,124.007,10,427.74,397.74,457.74,s,1000,targets.csv,46239504,2514196,80,2686763,454.7799988,4838,149079.5,577993.8,14381,"415.35,415.87,416.39,416.91,417.43,417.95,418.47,418.98,419.5,420.02,420.54,421.06,421.58,422.1,422.62,423.14,423.65,424.17,424.69,425.21,425.73,426.25,426.77,427.29,427.8,428.32,428.84,429.36,429.88,430.4,430.92,431.44,431.95,432.47,432.99,433.51,434.03,434.55,435.07,435.59,436.11,436.62,437.14,437.66,438.18,438.7,439.22,439.74,440.26,440.77,441.29,441.81,442.33,442.85,443.37,443.89,444.4,444.92,445.44,445.96,446.48,447.0,447.52,448.04,448.55,449.07,449.59,450.11,450.63,451.15,451.67,452.19,452.7,453.22,453.74,454.26,454.78,455.3,455.82,456.34","20658,72653,297601,741489,1321043,1764642,2270351,2686763,2585476,2665596,2686231,2556784,2252268,2202260,2074607,1539424,1521389,1574884,1348398,1336408,1161508,935637,918386,822085,806417,682328,705181,627324,562235,514740,445592,443439,414000,383898,321292,238049,213642,196716,214635,185742,137766,153278,172984,144881,115951,103854,94968,90496,78109,56760,58819,64221,50229,45773,50635,34665,47169,31363,32029,32569,27838,24870,26704,21788,21163,32054,30566,17686,14763,14565,12193,13011,20435,7397,7066,12601,7343,4838,8056,6277",2.306900234,2.491471941,2.614519745,0,1.18315E+11,10.86196327
test/Sample_107,Std_5,Taurine,124.007,10,427.74,397.74,457.74,s,1000,targets.csv,12588974,796500,68,818068,415.3519897,4398,56149,185131.9706,955,"415.35,415.87,416.39,416.91,417.43,417.95,418.46,418.98,419.5,420.02,420.54,421.06,421.58,422.1,422.61,423.13,423.65,424.17,424.69,425.21,425.73,426.25,426.77,427.28,427.8,428.32,428.84,429.36,429.88,430.4,430.92,431.43,431.95,432.47,432.99,433.51,434.03,434.55,435.07,435.58,436.1,436.62,437.14,437.66,438.18,438.7,439.21,439.73,440.25,440.77,441.29,441.81,442.33,442.85,443.36,443.88,444.4,444.92,445.44,445.96,446.48,447.0,447.52,448.03,448.55,450.11,450.63,451.15","6140,7288,40884,137427,259952,500485,561774,671642,780821,818068,790612,786771,738814,619733,632400,563059,485444,446935,369489,322555,273084,235496,262757,192767,184701,186709,150177,143365,108901,110822,82293,87558,101929,80810,65987,73081,44234,52157,60141,45943,45491,34427,48688,32173,29532,31441,18273,24128,23206,20177,17220,12085,15533,18661,20094,5245,14504,8007,8847,13253,12710,4398,5988,14778,4854,10196,6675,5185",2.368424136,2.522233892,2.62990072,0,1.12192E+11,10.88867378
test/Sample_108,Std_6,Taurine,124.007,10,427.74,397.74,457.74,s,1000,targets.csv,3072531,200386,56,221383,446.480011,3832,23662,54866.625,2857,"416.39,416.91,417.43,417.95,418.47,418.98,419.5,420.02,420.54,421.06,421.58,422.1,422.62,423.14,423.65,424.17,424.69,425.21,425.73,426.25,426.77,427.29,427.8,428.32,428.84,429.36,429.88,430.4,430.92,431.44,431.95,432.47,432.99,433.51,434.03,434.55,435.07,435.59,436.11,436.62,437.14,438.18,439.22,439.74,440.26,440.77,441.29,442.33,442.85,443.37,444.4,444.92,446.48,447.0,449.07,452.7","7958,44030,54439,103739,173039,210386,177337,221383,202439,186013,152706,123016,113538,123241,96877,96143,107247,64439,112805,47062,63143,63228,29816,40699,29643,44215,30150,20913,23503,26625,23821,20237,20406,17260,13432,15390,22400,18484,10172,7850,13738,8570,12537,5968,7043,7889,9088,5303,3832,4174,4955,9005,5313,6626,4165,5101",2.18385243,2.368424136,2.552995843,0,1.10613E+11,10.85653114
test/Sample_109,Std_7,Taurine,124.007,10,427.74,397.74,457.74,s,1000,targets.csv,989070,66318,36,76310,430.3970032,3259,20214,27474.16667,5561,"416.91,417.43,417.95,418.47,418.98,419.5,420.02,420.54,421.06,421.58,422.1,422.62,423.14,423.65,424.17,424.69,425.21,425.73,426.25,426.77,427.29,427.8,428.32,428.84,429.36,429.88,430.4,430.92,431.43,431.95,432.47,432.99,434.03,436.1,439.22",1.0533E+162,2.245376332,2.522233892,2.737567549,0,1.09563E+11,10.93778419
test/Sample_110,Std_8,Taurine,124.007,10,427.74,397.74,457.74,s,1000,targets.csv,565142,39779,34,40958,432.4729919,3761,13752.5,16621.82353,4832,"416.91,417.43,417.95,418.47,418.98,419.5,420.02,420.54,421.06,421.58,422.1,422.62,423.14,423.65,424.17,424.69,425.21,425.73,426.25,426.77,427.29,427.8,428.32,428.84,429.88,430.92,431.44,431.95,432.47,433.51,436.62,437.14,439.74,440.77",8.5934E+154,1.830089993,2.030042675,2.306900234,0,1.09381E+11,10.95144081
